participant_id,response_id,item_id,correct,treatment,domain,prior_knowledge_z,confidence_z,crt_z,avg_knowledge,avg_confidence,crt_score,llm_familiarity_z,llm_knowledge_z,ai_truthful1,ai_helpful1,ai_confident1,ai_truthful2,ai_helpful2,ai_confident2,confidence,knowledge,ai_correct,said_ai_correct,said_ai_label
66f63aeba07bb69cb2f44c32,R_7sXzEtTjC8WCuYx,legal_25,1,reasoning,legal,-0.5543150120389906,-0.7414379764595735,-0.008943735194645197,2.1666666666666665,2.6,2,0.04267469186821812,-0.3665237221790089,2,3,3,2,3,2,4,2,1,1,said_correct
66f63aeba07bb69cb2f44c32,R_7sXzEtTjC8WCuYx,math_20,1,reasoning,math,-0.5543150120389906,-0.7414379764595735,-0.008943735194645197,2.1666666666666665,2.6,2,0.04267469186821812,-0.3665237221790089,2,3,3,2,3,2,1,1,1,1,said_correct
66f63aeba07bb69cb2f44c32,R_7sXzEtTjC8WCuYx,finance_22,1,reasoning,finance,-0.5543150120389906,-0.7414379764595735,-0.008943735194645197,2.1666666666666665,2.6,2,0.04267469186821812,-0.3665237221790089,2,3,3,2,3,2,3,2,1,1,said_correct
66f63aeba07bb69cb2f44c32,R_7sXzEtTjC8WCuYx,medical_100,1,reasoning,medical,-0.5543150120389906,-0.7414379764595735,-0.008943735194645197,2.1666666666666665,2.6,2,0.04267469186821812,-0.3665237221790089,2,3,3,2,3,2,1,1,1,1,said_correct
66f63aeba07bb69cb2f44c32,R_7sXzEtTjC8WCuYx,misinfo_106,0,reasoning,misinfo,-0.5543150120389906,-0.7414379764595735,-0.008943735194645197,2.1666666666666665,2.6,2,0.04267469186821812,-0.3665237221790089,2,3,3,2,3,2,4,4,0,1,said_correct
6722b6b9cb69415ce7f4c688,R_5po0QnDkTMbhnX3,legal_22,1,reasoning,legal,1.1141917131619838,1.9628950683777768,0.8854297842698936,3.6666666666666665,5,3,-1.024192604837234,0.8973511818865388,4,4,4,4,4,4,5,4,1,1,said_correct
6722b6b9cb69415ce7f4c688,R_5po0QnDkTMbhnX3,math_18,1,reasoning,math,1.1141917131619838,1.9628950683777768,0.8854297842698936,3.6666666666666665,5,3,-1.024192604837234,0.8973511818865388,4,4,4,4,4,4,5,4,1,1,said_correct
6722b6b9cb69415ce7f4c688,R_5po0QnDkTMbhnX3,finance_21,1,reasoning,finance,1.1141917131619838,1.9628950683777768,0.8854297842698936,3.6666666666666665,5,3,-1.024192604837234,0.8973511818865388,4,4,4,4,4,4,5,4,1,1,said_correct
6722b6b9cb69415ce7f4c688,R_5po0QnDkTMbhnX3,medical_109,0,reasoning,medical,1.1141917131619838,1.9628950683777768,0.8854297842698936,3.6666666666666665,5,3,-1.024192604837234,0.8973511818865388,4,4,4,4,4,4,5,3,0,1,said_correct
6722b6b9cb69415ce7f4c688,R_5po0QnDkTMbhnX3,misinfo_103,1,reasoning,misinfo,1.1141917131619838,1.9628950683777768,0.8854297842698936,3.6666666666666665,5,3,-1.024192604837234,0.8973511818865388,4,4,4,4,4,4,5,3,1,1,said_correct
66ede43c37f73f556e9cdf22,R_5D1SyB2lT3vIx7C,legal_26,1,reasoning,legal,-1.2958735565727568,-0.7414379764595735,-1.7976907741237227,1.5,2.6,0,0.04267469186821812,-0.3665237221790089,3,4,4,3,4,3,4,1,1,1,said_correct
66ede43c37f73f556e9cdf22,R_5D1SyB2lT3vIx7C,math_16,1,reasoning,math,-1.2958735565727568,-0.7414379764595735,-1.7976907741237227,1.5,2.6,0,0.04267469186821812,-0.3665237221790089,3,4,4,3,4,3,2,1,1,1,said_correct
66ede43c37f73f556e9cdf22,R_5D1SyB2lT3vIx7C,finance_29,1,reasoning,finance,-1.2958735565727568,-0.7414379764595735,-1.7976907741237227,1.5,2.6,0,0.04267469186821812,-0.3665237221790089,3,4,4,3,4,3,2,1,0,0,said_incorrect
66ede43c37f73f556e9cdf22,R_5D1SyB2lT3vIx7C,medical_108,0,reasoning,medical,-1.2958735565727568,-0.7414379764595735,-1.7976907741237227,1.5,2.6,0,0.04267469186821812,-0.3665237221790089,3,4,4,3,4,3,2,1,0,1,said_correct
66ede43c37f73f556e9cdf22,R_5D1SyB2lT3vIx7C,misinfo_102,1,reasoning,misinfo,-1.2958735565727568,-0.7414379764595735,-1.7976907741237227,1.5,2.6,0,0.04267469186821812,-0.3665237221790089,3,4,4,3,4,3,3,2,1,1,said_correct
66a2812744e8026f80ef0879,R_1MbTWnZPi48Dt7g,legal_25,1,reasoning,legal,-0.9250942843058737,-0.7414379764595735,0.8854297842698936,1.8333333333333333,2.6,3,0.04267469186821812,-0.3665237221790089,2,3,2,3,2,1,5,2,1,1,said_correct
66a2812744e8026f80ef0879,R_1MbTWnZPi48Dt7g,math_19,0,reasoning,math,-0.9250942843058737,-0.7414379764595735,0.8854297842698936,1.8333333333333333,2.6,3,0.04267469186821812,-0.3665237221790089,2,3,2,3,2,1,5,3,0,1,said_correct
66a2812744e8026f80ef0879,R_1MbTWnZPi48Dt7g,finance_29,1,reasoning,finance,-0.9250942843058737,-0.7414379764595735,0.8854297842698936,1.8333333333333333,2.6,3,0.04267469186821812,-0.3665237221790089,2,3,2,3,2,1,1,1,0,0,said_incorrect
66a2812744e8026f80ef0879,R_1MbTWnZPi48Dt7g,medical_103,1,reasoning,medical,-0.9250942843058737,-0.7414379764595735,0.8854297842698936,1.8333333333333333,2.6,3,0.04267469186821812,-0.3665237221790089,2,3,2,3,2,1,1,1,1,1,said_correct
66a2812744e8026f80ef0879,R_1MbTWnZPi48Dt7g,misinfo_103,1,reasoning,misinfo,-0.9250942843058737,-0.7414379764595735,0.8854297842698936,1.8333333333333333,2.6,3,0.04267469186821812,-0.3665237221790089,2,3,2,3,2,1,1,1,1,1,said_correct
628f9cfbee6de7cc7322fecf,R_78sT20m5zc41l17,legal_29,0,reasoning,legal,0.37263316862821755,0.6107285459591014,-1.7976907741237227,3,3.8,0,-1.024192604837234,-0.3665237221790089,4,4,5,4,4,4,3,3,0,1,said_correct
628f9cfbee6de7cc7322fecf,R_78sT20m5zc41l17,math_14,1,reasoning,math,0.37263316862821755,0.6107285459591014,-1.7976907741237227,3,3.8,0,-1.024192604837234,-0.3665237221790089,4,4,5,4,4,4,4,2,1,1,said_correct
628f9cfbee6de7cc7322fecf,R_78sT20m5zc41l17,finance_23,1,reasoning,finance,0.37263316862821755,0.6107285459591014,-1.7976907741237227,3,3.8,0,-1.024192604837234,-0.3665237221790089,4,4,5,4,4,4,5,4,1,1,said_correct
628f9cfbee6de7cc7322fecf,R_78sT20m5zc41l17,medical_106,1,reasoning,medical,0.37263316862821755,0.6107285459591014,-1.7976907741237227,3,3.8,0,-1.024192604837234,-0.3665237221790089,4,4,5,4,4,4,3,2,0,0,said_incorrect
628f9cfbee6de7cc7322fecf,R_78sT20m5zc41l17,misinfo_108,1,reasoning,misinfo,0.37263316862821755,0.6107285459591014,-1.7976907741237227,3,3.8,0,-1.024192604837234,-0.3665237221790089,4,4,5,4,4,4,4,4,0,0,said_incorrect
67edb75b0744561f1cf6ff9d,R_7VGuTO8xFPrvVU5,legal_23,1,reasoning,legal,1.85575025769575,1.9628950683777768,0.8854297842698936,4.333333333333333,5,3,0.04267469186821812,0.8973511818865388,5,5,5,5,5,5,5,5,1,1,said_correct
67edb75b0744561f1cf6ff9d,R_7VGuTO8xFPrvVU5,math_19,0,reasoning,math,1.85575025769575,1.9628950683777768,0.8854297842698936,4.333333333333333,5,3,0.04267469186821812,0.8973511818865388,5,5,5,5,5,5,5,4,0,1,said_correct
67edb75b0744561f1cf6ff9d,R_7VGuTO8xFPrvVU5,finance_27,0,reasoning,finance,1.85575025769575,1.9628950683777768,0.8854297842698936,4.333333333333333,5,3,0.04267469186821812,0.8973511818865388,5,5,5,5,5,5,5,4,0,1,said_correct
67edb75b0744561f1cf6ff9d,R_7VGuTO8xFPrvVU5,medical_102,1,reasoning,medical,1.85575025769575,1.9628950683777768,0.8854297842698936,4.333333333333333,5,3,0.04267469186821812,0.8973511818865388,5,5,5,5,5,5,5,4,1,1,said_correct
67edb75b0744561f1cf6ff9d,R_7VGuTO8xFPrvVU5,misinfo_109,0,reasoning,misinfo,1.85575025769575,1.9628950683777768,0.8854297842698936,4.333333333333333,5,3,0.04267469186821812,0.8973511818865388,5,5,5,5,5,5,5,5,0,1,said_correct
67e5ebfad8af26b1bb60e460,R_5lVy0hfF4jVRRlw,legal_29,0,reasoning,legal,2.411919166096075,1.7375339813079975,0.8854297842698936,4.833333333333333,4.8,3,0.04267469186821812,0.8973511818865388,3,4,3,3,3,3,4,5,0,1,said_correct
67e5ebfad8af26b1bb60e460,R_5lVy0hfF4jVRRlw,math_15,1,reasoning,math,2.411919166096075,1.7375339813079975,0.8854297842698936,4.833333333333333,4.8,3,0.04267469186821812,0.8973511818865388,3,4,3,3,3,3,5,5,0,0,said_incorrect
67e5ebfad8af26b1bb60e460,R_5lVy0hfF4jVRRlw,finance_24,1,reasoning,finance,2.411919166096075,1.7375339813079975,0.8854297842698936,4.833333333333333,4.8,3,0.04267469186821812,0.8973511818865388,3,4,3,3,3,3,5,5,1,1,said_correct
67e5ebfad8af26b1bb60e460,R_5lVy0hfF4jVRRlw,medical_104,1,reasoning,medical,2.411919166096075,1.7375339813079975,0.8854297842698936,4.833333333333333,4.8,3,0.04267469186821812,0.8973511818865388,3,4,3,3,3,3,5,5,1,1,said_correct
67e5ebfad8af26b1bb60e460,R_5lVy0hfF4jVRRlw,misinfo_108,0,reasoning,misinfo,2.411919166096075,1.7375339813079975,0.8854297842698936,4.833333333333333,4.8,3,0.04267469186821812,0.8973511818865388,3,4,3,3,3,3,5,5,0,1,said_correct
65e4124826438fd6dc97bd7e,R_75WQisIHFHhvtSi,legal_22,0,reasoning,legal,1.1141917131619838,1.2868118071684396,-0.008943735194645197,3.6666666666666665,4.4,2,1.1095419885736704,-0.3665237221790089,4,4,5,5,4,5,4,3,1,0,said_incorrect
65e4124826438fd6dc97bd7e,R_75WQisIHFHhvtSi,math_15,0,reasoning,math,1.1141917131619838,1.2868118071684396,-0.008943735194645197,3.6666666666666665,4.4,2,1.1095419885736704,-0.3665237221790089,4,4,5,5,4,5,4,4,0,1,said_correct
65e4124826438fd6dc97bd7e,R_75WQisIHFHhvtSi,finance_25,1,reasoning,finance,1.1141917131619838,1.2868118071684396,-0.008943735194645197,3.6666666666666665,4.4,2,1.1095419885736704,-0.3665237221790089,4,4,5,5,4,5,4,4,1,1,said_correct
65e4124826438fd6dc97bd7e,R_75WQisIHFHhvtSi,medical_100,1,reasoning,medical,1.1141917131619838,1.2868118071684396,-0.008943735194645197,3.6666666666666665,4.4,2,1.1095419885736704,-0.3665237221790089,4,4,5,5,4,5,5,3,1,1,said_correct
65e4124826438fd6dc97bd7e,R_75WQisIHFHhvtSi,misinfo_101,1,reasoning,misinfo,1.1141917131619838,1.2868118071684396,-0.008943735194645197,3.6666666666666665,4.4,2,1.1095419885736704,-0.3665237221790089,4,4,5,5,4,5,5,5,1,1,said_correct
66e4c4358de330a06b4d33f1,R_5PUAeuxvhmtsxtn,legal_26,1,reasoning,legal,-0.5543150120389906,0.16000637181954314,0.8854297842698936,2.1666666666666665,3.4,3,0.04267469186821812,-0.3665237221790089,2,1,1,4,5,5,4,2,1,1,said_correct
66e4c4358de330a06b4d33f1,R_5PUAeuxvhmtsxtn,math_17,1,reasoning,math,-0.5543150120389906,0.16000637181954314,0.8854297842698936,2.1666666666666665,3.4,3,0.04267469186821812,-0.3665237221790089,2,1,1,4,5,5,4,2,0,0,said_incorrect
66e4c4358de330a06b4d33f1,R_5PUAeuxvhmtsxtn,finance_24,1,reasoning,finance,-0.5543150120389906,0.16000637181954314,0.8854297842698936,2.1666666666666665,3.4,3,0.04267469186821812,-0.3665237221790089,2,1,1,4,5,5,3,1,1,1,said_correct
66e4c4358de330a06b4d33f1,R_5PUAeuxvhmtsxtn,medical_100,1,reasoning,medical,-0.5543150120389906,0.16000637181954314,0.8854297842698936,2.1666666666666665,3.4,3,0.04267469186821812,-0.3665237221790089,2,1,1,4,5,5,1,1,1,1,said_correct
66e4c4358de330a06b4d33f1,R_5PUAeuxvhmtsxtn,misinfo_102,1,reasoning,misinfo,-0.5543150120389906,0.16000637181954314,0.8854297842698936,2.1666666666666665,3.4,3,0.04267469186821812,-0.3665237221790089,2,1,1,4,5,5,5,4,1,1,said_correct
67d8a842726644308266e91f,R_5S6N8Uhh6gsaJ92,legal_25,1,reasoning,legal,2.226529529962634,1.7375339813079975,-0.008943735194645197,4.666666666666667,4.8,2,-1.024192604837234,2.1612260859520864,4,4,4,5,5,5,5,4,1,1,said_correct
67d8a842726644308266e91f,R_5S6N8Uhh6gsaJ92,math_23,1,reasoning,math,2.226529529962634,1.7375339813079975,-0.008943735194645197,4.666666666666667,4.8,2,-1.024192604837234,2.1612260859520864,4,4,4,5,5,5,5,5,1,1,said_correct
67d8a842726644308266e91f,R_5S6N8Uhh6gsaJ92,finance_23,1,reasoning,finance,2.226529529962634,1.7375339813079975,-0.008943735194645197,4.666666666666667,4.8,2,-1.024192604837234,2.1612260859520864,4,4,4,5,5,5,4,4,1,1,said_correct
67d8a842726644308266e91f,R_5S6N8Uhh6gsaJ92,medical_107,1,reasoning,medical,2.226529529962634,1.7375339813079975,-0.008943735194645197,4.666666666666667,4.8,2,-1.024192604837234,2.1612260859520864,4,4,4,5,5,5,5,5,0,0,said_incorrect
67d8a842726644308266e91f,R_5S6N8Uhh6gsaJ92,misinfo_107,0,reasoning,misinfo,2.226529529962634,1.7375339813079975,-0.008943735194645197,4.666666666666667,4.8,2,-1.024192604837234,2.1612260859520864,4,4,4,5,5,5,5,5,0,1,said_correct
65bfa2967c731d263eb29732,R_7MSUJHip18NDnIZ,legal_25,1,reasoning,legal,-0.18353573977210721,0.16000637181954314,-0.008943735194645197,2.5,3.4,2,-1.024192604837234,-0.3665237221790089,5,5,5,5,5,5,5,2,1,1,said_correct
65bfa2967c731d263eb29732,R_7MSUJHip18NDnIZ,math_15,0,reasoning,math,-0.18353573977210721,0.16000637181954314,-0.008943735194645197,2.5,3.4,2,-1.024192604837234,-0.3665237221790089,5,5,5,5,5,5,3,3,0,1,said_correct
65bfa2967c731d263eb29732,R_7MSUJHip18NDnIZ,finance_23,1,reasoning,finance,-0.18353573977210721,0.16000637181954314,-0.008943735194645197,2.5,3.4,2,-1.024192604837234,-0.3665237221790089,5,5,5,5,5,5,3,3,1,1,said_correct
65bfa2967c731d263eb29732,R_7MSUJHip18NDnIZ,medical_101,1,reasoning,medical,-0.18353573977210721,0.16000637181954314,-0.008943735194645197,2.5,3.4,2,-1.024192604837234,-0.3665237221790089,5,5,5,5,5,5,4,2,1,1,said_correct
65bfa2967c731d263eb29732,R_7MSUJHip18NDnIZ,misinfo_102,1,reasoning,misinfo,-0.18353573977210721,0.16000637181954314,-0.008943735194645197,2.5,3.4,2,-1.024192604837234,-0.3665237221790089,5,5,5,5,5,5,2,2,1,1,said_correct
5e4b793f03c92a08a6d28e3f,R_3iuiKkgpRT6Fspr,legal_31,0,reasoning,legal,-1.110483920439315,-0.5160768893897946,0.8854297842698936,1.6666666666666667,2.8,3,1.1095419885736704,-0.3665237221790089,3,2,3,4,3,4,3,2,0,1,said_correct
5e4b793f03c92a08a6d28e3f,R_3iuiKkgpRT6Fspr,math_14,1,reasoning,math,-1.110483920439315,-0.5160768893897946,0.8854297842698936,1.6666666666666667,2.8,3,1.1095419885736704,-0.3665237221790089,3,2,3,4,3,4,3,1,1,1,said_correct
5e4b793f03c92a08a6d28e3f,R_3iuiKkgpRT6Fspr,finance_25,1,reasoning,finance,-1.110483920439315,-0.5160768893897946,0.8854297842698936,1.6666666666666667,2.8,3,1.1095419885736704,-0.3665237221790089,3,2,3,4,3,4,2,1,1,1,said_correct
5e4b793f03c92a08a6d28e3f,R_3iuiKkgpRT6Fspr,medical_101,1,reasoning,medical,-1.110483920439315,-0.5160768893897946,0.8854297842698936,1.6666666666666667,2.8,3,1.1095419885736704,-0.3665237221790089,3,2,3,4,3,4,3,1,1,1,said_correct
5e4b793f03c92a08a6d28e3f,R_3iuiKkgpRT6Fspr,misinfo_106,0,reasoning,misinfo,-1.110483920439315,-0.5160768893897946,0.8854297842698936,1.6666666666666667,2.8,3,1.1095419885736704,-0.3665237221790089,3,2,3,4,3,4,3,2,0,1,said_correct
582474a8aac01b0001e45ef9,R_1WMhBRnWUe5Ez0S,legal_31,1,reasoning,legal,0.18724353249477613,-0.5160768893897946,-0.903317254659184,2.8333333333333335,2.8,1,-1.024192604837234,-0.3665237221790089,2,3,2,2,3,2,4,5,0,0,said_incorrect
582474a8aac01b0001e45ef9,R_1WMhBRnWUe5Ez0S,math_16,1,reasoning,math,0.18724353249477613,-0.5160768893897946,-0.903317254659184,2.8333333333333335,2.8,1,-1.024192604837234,-0.3665237221790089,2,3,2,2,3,2,1,1,1,1,said_correct
582474a8aac01b0001e45ef9,R_1WMhBRnWUe5Ez0S,finance_21,1,reasoning,finance,0.18724353249477613,-0.5160768893897946,-0.903317254659184,2.8333333333333335,2.8,1,-1.024192604837234,-0.3665237221790089,2,3,2,2,3,2,1,1,1,1,said_correct
582474a8aac01b0001e45ef9,R_1WMhBRnWUe5Ez0S,medical_100,1,reasoning,medical,0.18724353249477613,-0.5160768893897946,-0.903317254659184,2.8333333333333335,2.8,1,-1.024192604837234,-0.3665237221790089,2,3,2,2,3,2,3,2,1,1,said_correct
582474a8aac01b0001e45ef9,R_1WMhBRnWUe5Ez0S,misinfo_100,1,reasoning,misinfo,0.18724353249477613,-0.5160768893897946,-0.903317254659184,2.8333333333333335,2.8,1,-1.024192604837234,-0.3665237221790089,2,3,2,2,3,2,5,5,1,1,said_correct
583b397f54686200010f1d20,R_1M3u44E25XLF72A,legal_22,1,reasoning,legal,-0.36892537590554864,-1.4175212376689112,-0.008943735194645197,2.3333333333333335,2,2,0.04267469186821812,0.8973511818865388,1,1,1,5,3,3,2,2,1,1,said_correct
583b397f54686200010f1d20,R_1M3u44E25XLF72A,math_19,0,reasoning,math,-0.36892537590554864,-1.4175212376689112,-0.008943735194645197,2.3333333333333335,2,2,0.04267469186821812,0.8973511818865388,1,1,1,5,3,3,3,3,0,1,said_correct
583b397f54686200010f1d20,R_1M3u44E25XLF72A,finance_22,1,reasoning,finance,-0.36892537590554864,-1.4175212376689112,-0.008943735194645197,2.3333333333333335,2,2,0.04267469186821812,0.8973511818865388,1,1,1,5,3,3,3,3,1,1,said_correct
583b397f54686200010f1d20,R_1M3u44E25XLF72A,medical_106,0,reasoning,medical,-0.36892537590554864,-1.4175212376689112,-0.008943735194645197,2.3333333333333335,2,2,0.04267469186821812,0.8973511818865388,1,1,1,5,3,3,1,1,0,1,said_correct
583b397f54686200010f1d20,R_1M3u44E25XLF72A,misinfo_103,0,reasoning,misinfo,-0.36892537590554864,-1.4175212376689112,-0.008943735194645197,2.3333333333333335,2,2,0.04267469186821812,0.8973511818865388,1,1,1,5,3,3,1,1,1,0,said_incorrect
66fdd6ecd96e23c98cf47a4a,R_3CTTuHR63auK3N7,legal_28,0,reasoning,legal,0.37263316862821755,0.16000637181954314,-0.903317254659184,3,3.4,1,1.1095419885736704,-0.3665237221790089,4,4,4,4,5,4,5,4,0,1,said_correct
66fdd6ecd96e23c98cf47a4a,R_3CTTuHR63auK3N7,math_23,1,reasoning,math,0.37263316862821755,0.16000637181954314,-0.903317254659184,3,3.4,1,1.1095419885736704,-0.3665237221790089,4,4,4,4,5,4,3,2,1,1,said_correct
66fdd6ecd96e23c98cf47a4a,R_3CTTuHR63auK3N7,finance_25,0,reasoning,finance,0.37263316862821755,0.16000637181954314,-0.903317254659184,3,3.4,1,1.1095419885736704,-0.3665237221790089,4,4,4,4,5,4,2,2,1,0,said_incorrect
66fdd6ecd96e23c98cf47a4a,R_3CTTuHR63auK3N7,medical_101,1,reasoning,medical,0.37263316862821755,0.16000637181954314,-0.903317254659184,3,3.4,1,1.1095419885736704,-0.3665237221790089,4,4,4,4,5,4,3,4,1,1,said_correct
66fdd6ecd96e23c98cf47a4a,R_3CTTuHR63auK3N7,misinfo_104,0,reasoning,misinfo,0.37263316862821755,0.16000637181954314,-0.903317254659184,3,3.4,1,1.1095419885736704,-0.3665237221790089,4,4,4,4,5,4,4,3,0,1,said_correct
65c1220d6b274235bd3ea120,R_12MuHTLkrPyMEYZ,legal_23,1,reasoning,legal,0.743412440895101,-0.06535471525023577,-1.7976907741237227,3.3333333333333335,3.2,0,1.1095419885736704,-0.3665237221790089,3,2,2,2,2,2,3,4,1,1,said_correct
65c1220d6b274235bd3ea120,R_12MuHTLkrPyMEYZ,math_21,1,reasoning,math,0.743412440895101,-0.06535471525023577,-1.7976907741237227,3.3333333333333335,3.2,0,1.1095419885736704,-0.3665237221790089,3,2,2,2,2,2,2,3,1,1,said_correct
65c1220d6b274235bd3ea120,R_12MuHTLkrPyMEYZ,finance_23,1,reasoning,finance,0.743412440895101,-0.06535471525023577,-1.7976907741237227,3.3333333333333335,3.2,0,1.1095419885736704,-0.3665237221790089,3,2,2,2,2,2,4,3,1,1,said_correct
65c1220d6b274235bd3ea120,R_12MuHTLkrPyMEYZ,medical_108,0,reasoning,medical,0.743412440895101,-0.06535471525023577,-1.7976907741237227,3.3333333333333335,3.2,0,1.1095419885736704,-0.3665237221790089,3,2,2,2,2,2,3,3,0,1,said_correct
65c1220d6b274235bd3ea120,R_12MuHTLkrPyMEYZ,misinfo_107,0,reasoning,misinfo,0.743412440895101,-0.06535471525023577,-1.7976907741237227,3.3333333333333335,3.2,0,1.1095419885736704,-0.3665237221790089,3,2,2,2,2,2,4,4,0,1,said_correct
5ed91d3f31d9c60a8ac27018,R_51pFsFL9nlwhvZQ,legal_28,1,reasoning,legal,-0.36892537590554864,-0.7414379764595735,-0.008943735194645197,2.3333333333333335,2.6,2,3.2432765819845746,-0.3665237221790089,2,2,2,2,2,2,3,2,0,0,said_incorrect
5ed91d3f31d9c60a8ac27018,R_51pFsFL9nlwhvZQ,math_20,0,reasoning,math,-0.36892537590554864,-0.7414379764595735,-0.008943735194645197,2.3333333333333335,2.6,2,3.2432765819845746,-0.3665237221790089,2,2,2,2,2,2,2,1,1,0,said_incorrect
5ed91d3f31d9c60a8ac27018,R_51pFsFL9nlwhvZQ,finance_30,1,reasoning,finance,-0.36892537590554864,-0.7414379764595735,-0.008943735194645197,2.3333333333333335,2.6,2,3.2432765819845746,-0.3665237221790089,2,2,2,2,2,2,1,1,0,0,said_incorrect
5ed91d3f31d9c60a8ac27018,R_51pFsFL9nlwhvZQ,medical_101,1,reasoning,medical,-0.36892537590554864,-0.7414379764595735,-0.008943735194645197,2.3333333333333335,2.6,2,3.2432765819845746,-0.3665237221790089,2,2,2,2,2,2,3,3,1,1,said_correct
5ed91d3f31d9c60a8ac27018,R_51pFsFL9nlwhvZQ,misinfo_101,1,reasoning,misinfo,-0.36892537590554864,-0.7414379764595735,-0.008943735194645197,2.3333333333333335,2.6,2,3.2432765819845746,-0.3665237221790089,2,2,2,2,2,2,4,4,1,1,said_correct
66463e4efb99fba5a67a010a,R_5PyIb1KrUxplAJH,legal_30,0,reasoning,legal,0.558022804761659,-0.2907158023200152,0.8854297842698936,3.1666666666666665,3,3,-1.024192604837234,0.8973511818865388,4,4,4,4,4,4,5,5,0,1,said_correct
66463e4efb99fba5a67a010a,R_5PyIb1KrUxplAJH,math_19,0,reasoning,math,0.558022804761659,-0.2907158023200152,0.8854297842698936,3.1666666666666665,3,3,-1.024192604837234,0.8973511818865388,4,4,4,4,4,4,2,3,0,1,said_correct
66463e4efb99fba5a67a010a,R_5PyIb1KrUxplAJH,finance_27,1,reasoning,finance,0.558022804761659,-0.2907158023200152,0.8854297842698936,3.1666666666666665,3,3,-1.024192604837234,0.8973511818865388,4,4,4,4,4,4,1,3,0,0,said_incorrect
66463e4efb99fba5a67a010a,R_5PyIb1KrUxplAJH,medical_108,0,reasoning,medical,0.558022804761659,-0.2907158023200152,0.8854297842698936,3.1666666666666665,3,3,-1.024192604837234,0.8973511818865388,4,4,4,4,4,4,3,1,0,1,said_correct
66463e4efb99fba5a67a010a,R_5PyIb1KrUxplAJH,misinfo_100,1,reasoning,misinfo,0.558022804761659,-0.2907158023200152,0.8854297842698936,3.1666666666666665,3,3,-1.024192604837234,0.8973511818865388,4,4,4,4,4,4,4,3,1,1,said_correct
607778a26ff3de83125f50c5,R_9fINXepmnTOzMvy,legal_23,0,reasoning,legal,-0.5543150120389906,-0.2907158023200152,0.8854297842698936,2.1666666666666665,3,3,-1.024192604837234,-0.3665237221790089,2,2,2,2,2,1,3,1,1,0,said_incorrect
607778a26ff3de83125f50c5,R_9fINXepmnTOzMvy,math_20,1,reasoning,math,-0.5543150120389906,-0.2907158023200152,0.8854297842698936,2.1666666666666665,3,3,-1.024192604837234,-0.3665237221790089,2,2,2,2,2,1,3,2,1,1,said_correct
607778a26ff3de83125f50c5,R_9fINXepmnTOzMvy,finance_22,0,reasoning,finance,-0.5543150120389906,-0.2907158023200152,0.8854297842698936,2.1666666666666665,3,3,-1.024192604837234,-0.3665237221790089,2,2,2,2,2,1,2,2,1,0,said_incorrect
607778a26ff3de83125f50c5,R_9fINXepmnTOzMvy,medical_106,1,reasoning,medical,-0.5543150120389906,-0.2907158023200152,0.8854297842698936,2.1666666666666665,3,3,-1.024192604837234,-0.3665237221790089,2,2,2,2,2,1,3,2,0,0,said_incorrect
607778a26ff3de83125f50c5,R_9fINXepmnTOzMvy,misinfo_106,1,reasoning,misinfo,-0.5543150120389906,-0.2907158023200152,0.8854297842698936,2.1666666666666665,3,3,-1.024192604837234,-0.3665237221790089,2,2,2,2,2,1,4,3,0,0,said_incorrect
5ae12548dee8590001b08925,R_7tR5MB4OnKJ5O4F,legal_26,1,reasoning,legal,-1.110483920439315,0.16000637181954314,0.8854297842698936,1.6666666666666667,3.4,3,2.1764092852791226,-1.6303986262445567,2,3,4,4,4,4,5,1,1,1,said_correct
5ae12548dee8590001b08925,R_7tR5MB4OnKJ5O4F,math_14,1,reasoning,math,-1.110483920439315,0.16000637181954314,0.8854297842698936,1.6666666666666667,3.4,3,2.1764092852791226,-1.6303986262445567,2,3,4,4,4,4,1,1,1,1,said_correct
5ae12548dee8590001b08925,R_7tR5MB4OnKJ5O4F,finance_22,1,reasoning,finance,-1.110483920439315,0.16000637181954314,0.8854297842698936,1.6666666666666667,3.4,3,2.1764092852791226,-1.6303986262445567,2,3,4,4,4,4,3,1,1,1,said_correct
5ae12548dee8590001b08925,R_7tR5MB4OnKJ5O4F,medical_102,1,reasoning,medical,-1.110483920439315,0.16000637181954314,0.8854297842698936,1.6666666666666667,3.4,3,2.1764092852791226,-1.6303986262445567,2,3,4,4,4,4,4,3,1,1,said_correct
5ae12548dee8590001b08925,R_7tR5MB4OnKJ5O4F,misinfo_103,1,reasoning,misinfo,-1.110483920439315,0.16000637181954314,0.8854297842698936,1.6666666666666667,3.4,3,2.1764092852791226,-1.6303986262445567,2,3,4,4,4,4,4,2,1,1,said_correct
61363ce02e6022a741d63a6e,R_685dKaB9Y1aOdc5,legal_27,1,reasoning,legal,1.484970985428867,0.38536745888932256,-1.7976907741237227,4,3.6,0,0.04267469186821812,0.8973511818865388,3,4,3,3,4,3,3,4,0,0,said_incorrect
61363ce02e6022a741d63a6e,R_685dKaB9Y1aOdc5,math_18,1,reasoning,math,1.484970985428867,0.38536745888932256,-1.7976907741237227,4,3.6,0,0.04267469186821812,0.8973511818865388,3,4,3,3,4,3,4,4,1,1,said_correct
61363ce02e6022a741d63a6e,R_685dKaB9Y1aOdc5,finance_22,1,reasoning,finance,1.484970985428867,0.38536745888932256,-1.7976907741237227,4,3.6,0,0.04267469186821812,0.8973511818865388,3,4,3,3,4,3,4,4,1,1,said_correct
61363ce02e6022a741d63a6e,R_685dKaB9Y1aOdc5,medical_104,0,reasoning,medical,1.484970985428867,0.38536745888932256,-1.7976907741237227,4,3.6,0,0.04267469186821812,0.8973511818865388,3,4,3,3,4,3,3,4,1,0,said_incorrect
61363ce02e6022a741d63a6e,R_685dKaB9Y1aOdc5,misinfo_104,1,reasoning,misinfo,1.484970985428867,0.38536745888932256,-1.7976907741237227,4,3.6,0,0.04267469186821812,0.8973511818865388,3,4,3,3,4,3,4,4,0,0,said_incorrect
663140c398e19ff9b77d4663,R_3F4indiwhamth4J,legal_30,0,reasoning,legal,-0.739704648172432,-0.5160768893897946,-0.008943735194645197,2,2.8,2,0.04267469186821812,-0.3665237221790089,3,4,4,4,4,4,3,1,0,1,said_correct
663140c398e19ff9b77d4663,R_3F4indiwhamth4J,math_19,0,reasoning,math,-0.739704648172432,-0.5160768893897946,-0.008943735194645197,2,2.8,2,0.04267469186821812,-0.3665237221790089,3,4,4,4,4,4,1,1,0,1,said_correct
663140c398e19ff9b77d4663,R_3F4indiwhamth4J,finance_27,0,reasoning,finance,-0.739704648172432,-0.5160768893897946,-0.008943735194645197,2,2.8,2,0.04267469186821812,-0.3665237221790089,3,4,4,4,4,4,2,3,0,1,said_correct
663140c398e19ff9b77d4663,R_3F4indiwhamth4J,medical_109,0,reasoning,medical,-0.739704648172432,-0.5160768893897946,-0.008943735194645197,2,2.8,2,0.04267469186821812,-0.3665237221790089,3,4,4,4,4,4,4,1,0,1,said_correct
663140c398e19ff9b77d4663,R_3F4indiwhamth4J,misinfo_109,0,reasoning,misinfo,-0.739704648172432,-0.5160768893897946,-0.008943735194645197,2,2.8,2,0.04267469186821812,-0.3665237221790089,3,4,4,4,4,4,4,3,0,1,said_correct
5ac5260dfa3b4e0001736dd3,R_7g09zeZilKUiOzm,legal_22,1,reasoning,legal,-1.110483920439315,1.0614507200986603,-0.008943735194645197,1.6666666666666667,4.2,2,0.04267469186821812,-0.3665237221790089,4,4,4,5,5,5,5,3,1,1,said_correct
5ac5260dfa3b4e0001736dd3,R_7g09zeZilKUiOzm,math_17,0,reasoning,math,-1.110483920439315,1.0614507200986603,-0.008943735194645197,1.6666666666666667,4.2,2,0.04267469186821812,-0.3665237221790089,4,4,4,5,5,5,4,1,0,1,said_correct
5ac5260dfa3b4e0001736dd3,R_7g09zeZilKUiOzm,finance_29,0,reasoning,finance,-1.110483920439315,1.0614507200986603,-0.008943735194645197,1.6666666666666667,4.2,2,0.04267469186821812,-0.3665237221790089,4,4,4,5,5,5,4,1,0,1,said_correct
5ac5260dfa3b4e0001736dd3,R_7g09zeZilKUiOzm,medical_106,0,reasoning,medical,-1.110483920439315,1.0614507200986603,-0.008943735194645197,1.6666666666666667,4.2,2,0.04267469186821812,-0.3665237221790089,4,4,4,5,5,5,4,1,0,1,said_correct
5ac5260dfa3b4e0001736dd3,R_7g09zeZilKUiOzm,misinfo_105,1,reasoning,misinfo,-1.110483920439315,1.0614507200986603,-0.008943735194645197,1.6666666666666667,4.2,2,0.04267469186821812,-0.3665237221790089,4,4,4,5,5,5,4,1,1,1,said_correct
61686f8376bd6ff59ea15479,R_3RggIDF7IQ68hMv,legal_28,0,reasoning,legal,-1.110483920439315,-0.2907158023200152,0.8854297842698936,1.6666666666666667,3,3,2.1764092852791226,-1.6303986262445567,4,4,4,2,3,2,4,1,0,1,said_correct
61686f8376bd6ff59ea15479,R_3RggIDF7IQ68hMv,math_14,1,reasoning,math,-1.110483920439315,-0.2907158023200152,0.8854297842698936,1.6666666666666667,3,3,2.1764092852791226,-1.6303986262445567,4,4,4,2,3,2,1,1,1,1,said_correct
61686f8376bd6ff59ea15479,R_3RggIDF7IQ68hMv,finance_30,1,reasoning,finance,-1.110483920439315,-0.2907158023200152,0.8854297842698936,1.6666666666666667,3,3,2.1764092852791226,-1.6303986262445567,4,4,4,2,3,2,4,3,0,0,said_incorrect
61686f8376bd6ff59ea15479,R_3RggIDF7IQ68hMv,medical_106,1,reasoning,medical,-1.110483920439315,-0.2907158023200152,0.8854297842698936,1.6666666666666667,3,3,2.1764092852791226,-1.6303986262445567,4,4,4,2,3,2,3,1,0,0,said_incorrect
61686f8376bd6ff59ea15479,R_3RggIDF7IQ68hMv,misinfo_100,0,reasoning,misinfo,-1.110483920439315,-0.2907158023200152,0.8854297842698936,1.6666666666666667,3,3,2.1764092852791226,-1.6303986262445567,4,4,4,2,3,2,3,2,1,0,said_incorrect
62c9ed717a2882d689eb27c1,R_5kwgYPAreEFBPnY,legal_29,0,reasoning,legal,-0.5543150120389906,-0.7414379764595735,-0.008943735194645197,2.1666666666666665,2.6,2,1.1095419885736704,-0.3665237221790089,3,3,3,3,3,3,3,2,0,1,said_correct
62c9ed717a2882d689eb27c1,R_5kwgYPAreEFBPnY,math_17,0,reasoning,math,-0.5543150120389906,-0.7414379764595735,-0.008943735194645197,2.1666666666666665,2.6,2,1.1095419885736704,-0.3665237221790089,3,3,3,3,3,3,1,1,0,1,said_correct
62c9ed717a2882d689eb27c1,R_5kwgYPAreEFBPnY,finance_23,1,reasoning,finance,-0.5543150120389906,-0.7414379764595735,-0.008943735194645197,2.1666666666666665,2.6,2,1.1095419885736704,-0.3665237221790089,3,3,3,3,3,3,3,2,1,1,said_correct
62c9ed717a2882d689eb27c1,R_5kwgYPAreEFBPnY,medical_104,1,reasoning,medical,-0.5543150120389906,-0.7414379764595735,-0.008943735194645197,2.1666666666666665,2.6,2,1.1095419885736704,-0.3665237221790089,3,3,3,3,3,3,3,2,1,1,said_correct
62c9ed717a2882d689eb27c1,R_5kwgYPAreEFBPnY,misinfo_104,0,reasoning,misinfo,-0.5543150120389906,-0.7414379764595735,-0.008943735194645197,2.1666666666666665,2.6,2,1.1095419885736704,-0.3665237221790089,3,3,3,3,3,3,3,3,0,1,said_correct
5e46aa20caec81000b7d4f93,R_6yf8Q8pP1DSikf5,legal_25,1,reasoning,legal,0.9288020770285423,1.2868118071684396,0.8854297842698936,3.5,4.4,3,0.04267469186821812,-0.3665237221790089,5,5,5,4,4,4,4,3,1,1,said_correct
5e46aa20caec81000b7d4f93,R_6yf8Q8pP1DSikf5,math_15,1,reasoning,math,0.9288020770285423,1.2868118071684396,0.8854297842698936,3.5,4.4,3,0.04267469186821812,-0.3665237221790089,5,5,5,4,4,4,4,4,0,0,said_incorrect
5e46aa20caec81000b7d4f93,R_6yf8Q8pP1DSikf5,finance_22,0,reasoning,finance,0.9288020770285423,1.2868118071684396,0.8854297842698936,3.5,4.4,3,0.04267469186821812,-0.3665237221790089,5,5,5,4,4,4,4,3,1,0,said_incorrect
5e46aa20caec81000b7d4f93,R_6yf8Q8pP1DSikf5,medical_104,1,reasoning,medical,0.9288020770285423,1.2868118071684396,0.8854297842698936,3.5,4.4,3,0.04267469186821812,-0.3665237221790089,5,5,5,4,4,4,5,4,1,1,said_correct
5e46aa20caec81000b7d4f93,R_6yf8Q8pP1DSikf5,misinfo_108,1,reasoning,misinfo,0.9288020770285423,1.2868118071684396,0.8854297842698936,3.5,4.4,3,0.04267469186821812,-0.3665237221790089,5,5,5,4,4,4,5,4,0,0,said_incorrect
58c1ce3c3783090001b49355,R_7HCASYCfo88uYBc,legal_27,0,reasoning,legal,-0.9250942843058737,-0.7414379764595735,-0.903317254659184,1.8333333333333333,2.6,1,1.1095419885736704,-1.6303986262445567,4,5,4,4,4,4,3,2,0,1,said_correct
58c1ce3c3783090001b49355,R_7HCASYCfo88uYBc,math_22,1,reasoning,math,-0.9250942843058737,-0.7414379764595735,-0.903317254659184,1.8333333333333333,2.6,1,1.1095419885736704,-1.6303986262445567,4,5,4,4,4,4,1,1,1,1,said_correct
58c1ce3c3783090001b49355,R_7HCASYCfo88uYBc,finance_27,0,reasoning,finance,-0.9250942843058737,-0.7414379764595735,-0.903317254659184,1.8333333333333333,2.6,1,1.1095419885736704,-1.6303986262445567,4,5,4,4,4,4,2,1,0,1,said_correct
58c1ce3c3783090001b49355,R_7HCASYCfo88uYBc,medical_107,0,reasoning,medical,-0.9250942843058737,-0.7414379764595735,-0.903317254659184,1.8333333333333333,2.6,1,1.1095419885736704,-1.6303986262445567,4,5,4,4,4,4,3,2,0,1,said_correct
58c1ce3c3783090001b49355,R_7HCASYCfo88uYBc,misinfo_100,1,reasoning,misinfo,-0.9250942843058737,-0.7414379764595735,-0.903317254659184,1.8333333333333333,2.6,1,1.1095419885736704,-1.6303986262445567,4,5,4,4,4,4,4,3,1,1,said_correct
673c90022c553e1b8f60a3af,R_5b3kXos2PtQpSEZ,legal_22,0,reasoning,legal,-0.739704648172432,-0.7414379764595735,-1.7976907741237227,2,2.6,0,1.1095419885736704,-1.6303986262445567,4,5,4,4,4,4,3,2,1,0,said_incorrect
673c90022c553e1b8f60a3af,R_5b3kXos2PtQpSEZ,math_21,0,reasoning,math,-0.739704648172432,-0.7414379764595735,-1.7976907741237227,2,2.6,0,1.1095419885736704,-1.6303986262445567,4,5,4,4,4,4,2,1,1,0,said_incorrect
673c90022c553e1b8f60a3af,R_5b3kXos2PtQpSEZ,finance_25,1,reasoning,finance,-0.739704648172432,-0.7414379764595735,-1.7976907741237227,2,2.6,0,1.1095419885736704,-1.6303986262445567,4,5,4,4,4,4,3,2,1,1,said_correct
673c90022c553e1b8f60a3af,R_5b3kXos2PtQpSEZ,medical_106,0,reasoning,medical,-0.739704648172432,-0.7414379764595735,-1.7976907741237227,2,2.6,0,1.1095419885736704,-1.6303986262445567,4,5,4,4,4,4,4,4,0,1,said_correct
673c90022c553e1b8f60a3af,R_5b3kXos2PtQpSEZ,misinfo_105,0,reasoning,misinfo,-0.739704648172432,-0.7414379764595735,-1.7976907741237227,2,2.6,0,1.1095419885736704,-1.6303986262445567,4,5,4,4,4,4,1,1,1,0,said_incorrect
54e32a60fdf99b3eae9de85b,R_5DwlPJ8Dy1uy7S9,legal_31,0,reasoning,legal,-0.5543150120389906,-1.1921601505991317,0.8854297842698936,2.1666666666666665,2.2,3,0.04267469186821812,-0.3665237221790089,2,3,2,2,3,2,2,2,0,1,said_correct
54e32a60fdf99b3eae9de85b,R_5DwlPJ8Dy1uy7S9,math_19,0,reasoning,math,-0.5543150120389906,-1.1921601505991317,0.8854297842698936,2.1666666666666665,2.2,3,0.04267469186821812,-0.3665237221790089,2,3,2,2,3,2,1,1,0,1,said_correct
54e32a60fdf99b3eae9de85b,R_5DwlPJ8Dy1uy7S9,finance_28,0,reasoning,finance,-0.5543150120389906,-1.1921601505991317,0.8854297842698936,2.1666666666666665,2.2,3,0.04267469186821812,-0.3665237221790089,2,3,2,2,3,2,1,1,0,1,said_correct
54e32a60fdf99b3eae9de85b,R_5DwlPJ8Dy1uy7S9,medical_104,1,reasoning,medical,-0.5543150120389906,-1.1921601505991317,0.8854297842698936,2.1666666666666665,2.2,3,0.04267469186821812,-0.3665237221790089,2,3,2,2,3,2,4,3,1,1,said_correct
54e32a60fdf99b3eae9de85b,R_5DwlPJ8Dy1uy7S9,misinfo_103,1,reasoning,misinfo,-0.5543150120389906,-1.1921601505991317,0.8854297842698936,2.1666666666666665,2.2,3,0.04267469186821812,-0.3665237221790089,2,3,2,2,3,2,3,3,1,1,said_correct
66afd624a26f73871dce55fe,R_1pPukMZ5QQm6MZi,legal_27,0,reasoning,legal,1.484970985428867,0.38536745888932256,0.8854297842698936,4,3.6,3,-1.024192604837234,2.1612260859520864,4,5,5,5,5,5,4,4,0,1,said_correct
66afd624a26f73871dce55fe,R_1pPukMZ5QQm6MZi,math_14,1,reasoning,math,1.484970985428867,0.38536745888932256,0.8854297842698936,4,3.6,3,-1.024192604837234,2.1612260859520864,4,5,5,5,5,5,3,4,1,1,said_correct
66afd624a26f73871dce55fe,R_1pPukMZ5QQm6MZi,finance_24,1,reasoning,finance,1.484970985428867,0.38536745888932256,0.8854297842698936,4,3.6,3,-1.024192604837234,2.1612260859520864,4,5,5,5,5,5,4,4,1,1,said_correct
66afd624a26f73871dce55fe,R_1pPukMZ5QQm6MZi,medical_101,1,reasoning,medical,1.484970985428867,0.38536745888932256,0.8854297842698936,4,3.6,3,-1.024192604837234,2.1612260859520864,4,5,5,5,5,5,4,4,1,1,said_correct
66afd624a26f73871dce55fe,R_1pPukMZ5QQm6MZi,misinfo_106,0,reasoning,misinfo,1.484970985428867,0.38536745888932256,0.8854297842698936,4,3.6,3,-1.024192604837234,2.1612260859520864,4,5,5,5,5,5,3,3,0,1,said_correct
67e07f19ee9c325f1bcaa026,R_7eCp3qIB8dVc51b,legal_26,1,reasoning,legal,0.743412440895101,0.6107285459591014,0.8854297842698936,3.3333333333333335,3.8,3,0.04267469186821812,-0.3665237221790089,5,5,5,3,3,4,4,3,1,1,said_correct
67e07f19ee9c325f1bcaa026,R_7eCp3qIB8dVc51b,math_23,0,reasoning,math,0.743412440895101,0.6107285459591014,0.8854297842698936,3.3333333333333335,3.8,3,0.04267469186821812,-0.3665237221790089,5,5,5,3,3,4,3,4,1,0,said_incorrect
67e07f19ee9c325f1bcaa026,R_7eCp3qIB8dVc51b,finance_25,1,reasoning,finance,0.743412440895101,0.6107285459591014,0.8854297842698936,3.3333333333333335,3.8,3,0.04267469186821812,-0.3665237221790089,5,5,5,3,3,4,3,4,1,1,said_correct
67e07f19ee9c325f1bcaa026,R_7eCp3qIB8dVc51b,medical_101,1,reasoning,medical,0.743412440895101,0.6107285459591014,0.8854297842698936,3.3333333333333335,3.8,3,0.04267469186821812,-0.3665237221790089,5,5,5,3,3,4,4,3,1,1,said_correct
67e07f19ee9c325f1bcaa026,R_7eCp3qIB8dVc51b,misinfo_106,0,reasoning,misinfo,0.743412440895101,0.6107285459591014,0.8854297842698936,3.3333333333333335,3.8,3,0.04267469186821812,-0.3665237221790089,5,5,5,3,3,4,5,3,0,1,said_correct
5dde8fba82f458000c8c7c75,R_73fhhHs86ItFuwF,legal_27,0,reasoning,legal,-0.36892537590554864,-0.7414379764595735,-0.008943735194645197,2.3333333333333335,2.6,2,0.04267469186821812,-0.3665237221790089,4,4,4,4,4,4,3,3,0,1,said_correct
5dde8fba82f458000c8c7c75,R_73fhhHs86ItFuwF,math_19,0,reasoning,math,-0.36892537590554864,-0.7414379764595735,-0.008943735194645197,2.3333333333333335,2.6,2,0.04267469186821812,-0.3665237221790089,4,4,4,4,4,4,1,1,0,1,said_correct
5dde8fba82f458000c8c7c75,R_73fhhHs86ItFuwF,finance_26,1,reasoning,finance,-0.36892537590554864,-0.7414379764595735,-0.008943735194645197,2.3333333333333335,2.6,2,0.04267469186821812,-0.3665237221790089,4,4,4,4,4,4,2,2,0,0,said_incorrect
5dde8fba82f458000c8c7c75,R_73fhhHs86ItFuwF,medical_106,1,reasoning,medical,-0.36892537590554864,-0.7414379764595735,-0.008943735194645197,2.3333333333333335,2.6,2,0.04267469186821812,-0.3665237221790089,4,4,4,4,4,4,3,1,0,0,said_incorrect
5dde8fba82f458000c8c7c75,R_73fhhHs86ItFuwF,misinfo_109,0,reasoning,misinfo,-0.36892537590554864,-0.7414379764595735,-0.008943735194645197,2.3333333333333335,2.6,2,0.04267469186821812,-0.3665237221790089,4,4,4,4,4,4,4,4,0,1,said_correct
67ef42807f408cca62ea4bb0,R_50Pj928MRIg1HRz,legal_25,1,reasoning,legal,0.743412440895101,-0.5160768893897946,0.8854297842698936,3.3333333333333335,2.8,3,-1.024192604837234,2.1612260859520864,5,5,5,5,4,5,3,3,1,1,said_correct
67ef42807f408cca62ea4bb0,R_50Pj928MRIg1HRz,math_18,1,reasoning,math,0.743412440895101,-0.5160768893897946,0.8854297842698936,3.3333333333333335,2.8,3,-1.024192604837234,2.1612260859520864,5,5,5,5,4,5,2,3,1,1,said_correct
67ef42807f408cca62ea4bb0,R_50Pj928MRIg1HRz,finance_21,1,reasoning,finance,0.743412440895101,-0.5160768893897946,0.8854297842698936,3.3333333333333335,2.8,3,-1.024192604837234,2.1612260859520864,5,5,5,5,4,5,2,2,1,1,said_correct
67ef42807f408cca62ea4bb0,R_50Pj928MRIg1HRz,medical_105,0,reasoning,medical,0.743412440895101,-0.5160768893897946,0.8854297842698936,3.3333333333333335,2.8,3,-1.024192604837234,2.1612260859520864,5,5,5,5,4,5,4,4,0,1,said_correct
67ef42807f408cca62ea4bb0,R_50Pj928MRIg1HRz,misinfo_106,0,reasoning,misinfo,0.743412440895101,-0.5160768893897946,0.8854297842698936,3.3333333333333335,2.8,3,-1.024192604837234,2.1612260859520864,5,5,5,5,4,5,3,3,0,1,said_correct
67dca3ca8f388d1638a68ad9,R_7WIHXHq8W81eTU5,legal_22,1,reasoning,legal,-0.739704648172432,-0.2907158023200152,0.8854297842698936,2,3,3,1.1095419885736704,-1.6303986262445567,2,3,1,1,4,3,2,2,1,1,said_correct
67dca3ca8f388d1638a68ad9,R_7WIHXHq8W81eTU5,math_15,0,reasoning,math,-0.739704648172432,-0.2907158023200152,0.8854297842698936,2,3,3,1.1095419885736704,-1.6303986262445567,2,3,1,1,4,3,3,2,0,1,said_correct
67dca3ca8f388d1638a68ad9,R_7WIHXHq8W81eTU5,finance_30,0,reasoning,finance,-0.739704648172432,-0.2907158023200152,0.8854297842698936,2,3,3,1.1095419885736704,-1.6303986262445567,2,3,1,1,4,3,4,2,0,1,said_correct
67dca3ca8f388d1638a68ad9,R_7WIHXHq8W81eTU5,medical_104,1,reasoning,medical,-0.739704648172432,-0.2907158023200152,0.8854297842698936,2,3,3,1.1095419885736704,-1.6303986262445567,2,3,1,1,4,3,3,3,1,1,said_correct
67dca3ca8f388d1638a68ad9,R_7WIHXHq8W81eTU5,misinfo_102,1,reasoning,misinfo,-0.739704648172432,-0.2907158023200152,0.8854297842698936,2,3,3,1.1095419885736704,-1.6303986262445567,2,3,1,1,4,3,3,1,1,1,said_correct
668dc9c9cb393e15f3baf53e,R_6kS6Uab2bGhhdqD,legal_22,1,reasoning,legal,0.9288020770285423,-0.5160768893897946,0.8854297842698936,3.5,2.8,3,0.04267469186821812,0.8973511818865388,4,5,5,5,5,5,3,4,1,1,said_correct
668dc9c9cb393e15f3baf53e,R_6kS6Uab2bGhhdqD,math_21,1,reasoning,math,0.9288020770285423,-0.5160768893897946,0.8854297842698936,3.5,2.8,3,0.04267469186821812,0.8973511818865388,4,5,5,5,5,5,2,3,1,1,said_correct
668dc9c9cb393e15f3baf53e,R_6kS6Uab2bGhhdqD,finance_28,0,reasoning,finance,0.9288020770285423,-0.5160768893897946,0.8854297842698936,3.5,2.8,3,0.04267469186821812,0.8973511818865388,4,5,5,5,5,5,3,4,0,1,said_correct
668dc9c9cb393e15f3baf53e,R_6kS6Uab2bGhhdqD,medical_105,0,reasoning,medical,0.9288020770285423,-0.5160768893897946,0.8854297842698936,3.5,2.8,3,0.04267469186821812,0.8973511818865388,4,5,5,5,5,5,3,3,0,1,said_correct
668dc9c9cb393e15f3baf53e,R_6kS6Uab2bGhhdqD,misinfo_101,1,reasoning,misinfo,0.9288020770285423,-0.5160768893897946,0.8854297842698936,3.5,2.8,3,0.04267469186821812,0.8973511818865388,4,5,5,5,5,5,3,3,1,1,said_correct
66a8f82143da40a6b126975e,R_5ih6ongbTXYzhJu,legal_24,1,reasoning,legal,0.558022804761659,0.38536745888932256,0.8854297842698936,3.1666666666666665,3.6,3,-1.024192604837234,-0.3665237221790089,4,4,4,4,4,4,5,3,1,1,said_correct
66a8f82143da40a6b126975e,R_5ih6ongbTXYzhJu,math_21,0,reasoning,math,0.558022804761659,0.38536745888932256,0.8854297842698936,3.1666666666666665,3.6,3,-1.024192604837234,-0.3665237221790089,4,4,4,4,4,4,1,1,1,0,said_incorrect
66a8f82143da40a6b126975e,R_5ih6ongbTXYzhJu,finance_22,0,reasoning,finance,0.558022804761659,0.38536745888932256,0.8854297842698936,3.1666666666666665,3.6,3,-1.024192604837234,-0.3665237221790089,4,4,4,4,4,4,5,5,1,0,said_incorrect
66a8f82143da40a6b126975e,R_5ih6ongbTXYzhJu,medical_108,0,reasoning,medical,0.558022804761659,0.38536745888932256,0.8854297842698936,3.1666666666666665,3.6,3,-1.024192604837234,-0.3665237221790089,4,4,4,4,4,4,3,3,0,1,said_correct
66a8f82143da40a6b126975e,R_5ih6ongbTXYzhJu,misinfo_106,1,reasoning,misinfo,0.558022804761659,0.38536745888932256,0.8854297842698936,3.1666666666666665,3.6,3,-1.024192604837234,-0.3665237221790089,4,4,4,4,4,4,4,4,0,0,said_incorrect
63474e67a5fd298c6103c409,R_3079YIdJs3YNmsL,legal_26,1,reasoning,legal,0.37263316862821755,0.16000637181954314,-0.008943735194645197,3,3.4,2,-1.024192604837234,-0.3665237221790089,4,4,4,4,4,4,4,4,1,1,said_correct
63474e67a5fd298c6103c409,R_3079YIdJs3YNmsL,math_15,0,reasoning,math,0.37263316862821755,0.16000637181954314,-0.008943735194645197,3,3.4,2,-1.024192604837234,-0.3665237221790089,4,4,4,4,4,4,2,2,0,1,said_correct
63474e67a5fd298c6103c409,R_3079YIdJs3YNmsL,finance_27,0,reasoning,finance,0.37263316862821755,0.16000637181954314,-0.008943735194645197,3,3.4,2,-1.024192604837234,-0.3665237221790089,4,4,4,4,4,4,4,3,0,1,said_correct
63474e67a5fd298c6103c409,R_3079YIdJs3YNmsL,medical_104,1,reasoning,medical,0.37263316862821755,0.16000637181954314,-0.008943735194645197,3,3.4,2,-1.024192604837234,-0.3665237221790089,4,4,4,4,4,4,4,3,1,1,said_correct
63474e67a5fd298c6103c409,R_3079YIdJs3YNmsL,misinfo_100,0,reasoning,misinfo,0.37263316862821755,0.16000637181954314,-0.008943735194645197,3,3.4,2,-1.024192604837234,-0.3665237221790089,4,4,4,4,4,4,3,3,1,0,said_incorrect
672268205351c30413c9837e,R_6Rs02O4zX4jhGet,legal_30,0,reasoning,legal,-0.18353573977210721,0.38536745888932256,-0.008943735194645197,2.5,3.6,2,0.04267469186821812,-0.3665237221790089,5,5,5,5,5,5,4,3,0,1,said_correct
672268205351c30413c9837e,R_6Rs02O4zX4jhGet,math_14,1,reasoning,math,-0.18353573977210721,0.38536745888932256,-0.008943735194645197,2.5,3.6,2,0.04267469186821812,-0.3665237221790089,5,5,5,5,5,5,2,1,1,1,said_correct
672268205351c30413c9837e,R_6Rs02O4zX4jhGet,finance_24,1,reasoning,finance,-0.18353573977210721,0.38536745888932256,-0.008943735194645197,2.5,3.6,2,0.04267469186821812,-0.3665237221790089,5,5,5,5,5,5,4,2,1,1,said_correct
672268205351c30413c9837e,R_6Rs02O4zX4jhGet,medical_105,0,reasoning,medical,-0.18353573977210721,0.38536745888932256,-0.008943735194645197,2.5,3.6,2,0.04267469186821812,-0.3665237221790089,5,5,5,5,5,5,4,3,0,1,said_correct
672268205351c30413c9837e,R_6Rs02O4zX4jhGet,misinfo_107,0,reasoning,misinfo,-0.18353573977210721,0.38536745888932256,-0.008943735194645197,2.5,3.6,2,0.04267469186821812,-0.3665237221790089,5,5,5,5,5,5,4,3,0,1,said_correct
67ef32ae3b9945398e55b406,R_3BJnWrLlLFOgcHT,legal_27,0,reasoning,legal,0.37263316862821755,0.38536745888932256,0.8854297842698936,3,3.6,3,0.04267469186821812,-0.3665237221790089,4,5,4,4,5,4,4,3,0,1,said_correct
67ef32ae3b9945398e55b406,R_3BJnWrLlLFOgcHT,math_22,1,reasoning,math,0.37263316862821755,0.38536745888932256,0.8854297842698936,3,3.6,3,0.04267469186821812,-0.3665237221790089,4,5,4,4,5,4,4,2,1,1,said_correct
67ef32ae3b9945398e55b406,R_3BJnWrLlLFOgcHT,finance_27,0,reasoning,finance,0.37263316862821755,0.38536745888932256,0.8854297842698936,3,3.6,3,0.04267469186821812,-0.3665237221790089,4,5,4,4,5,4,3,4,0,1,said_correct
67ef32ae3b9945398e55b406,R_3BJnWrLlLFOgcHT,medical_106,1,reasoning,medical,0.37263316862821755,0.38536745888932256,0.8854297842698936,3,3.6,3,0.04267469186821812,-0.3665237221790089,4,5,4,4,5,4,2,2,0,0,said_incorrect
67ef32ae3b9945398e55b406,R_3BJnWrLlLFOgcHT,misinfo_103,1,reasoning,misinfo,0.37263316862821755,0.38536745888932256,0.8854297842698936,3,3.6,3,0.04267469186821812,-0.3665237221790089,4,5,4,4,5,4,5,4,1,1,said_correct
67ef69e735fee402bbbbf23b,R_7KrbsAEKSQg2A8C,legal_25,1,reasoning,legal,0.743412440895101,-0.06535471525023577,0.8854297842698936,3.3333333333333335,3.2,3,-1.024192604837234,2.1612260859520864,5,5,4,5,4,5,3,3,1,1,said_correct
67ef69e735fee402bbbbf23b,R_7KrbsAEKSQg2A8C,math_17,0,reasoning,math,0.743412440895101,-0.06535471525023577,0.8854297842698936,3.3333333333333335,3.2,3,-1.024192604837234,2.1612260859520864,5,5,4,5,4,5,2,3,0,1,said_correct
67ef69e735fee402bbbbf23b,R_7KrbsAEKSQg2A8C,finance_30,0,reasoning,finance,0.743412440895101,-0.06535471525023577,0.8854297842698936,3.3333333333333335,3.2,3,-1.024192604837234,2.1612260859520864,5,5,4,5,4,5,4,3,0,1,said_correct
67ef69e735fee402bbbbf23b,R_7KrbsAEKSQg2A8C,medical_105,0,reasoning,medical,0.743412440895101,-0.06535471525023577,0.8854297842698936,3.3333333333333335,3.2,3,-1.024192604837234,2.1612260859520864,5,5,4,5,4,5,3,3,0,1,said_correct
67ef69e735fee402bbbbf23b,R_7KrbsAEKSQg2A8C,misinfo_109,0,reasoning,misinfo,0.743412440895101,-0.06535471525023577,0.8854297842698936,3.3333333333333335,3.2,3,-1.024192604837234,2.1612260859520864,5,5,4,5,4,5,4,3,0,1,said_correct
5efe8c25e921d23a9daec079,R_3P2L45iMUSD0xCF,legal_26,1,reasoning,legal,-1.2958735565727568,0.16000637181954314,-1.7976907741237227,1.5,3.4,0,0.04267469186821812,-0.3665237221790089,4,4,5,4,4,4,2,2,1,1,said_correct
5efe8c25e921d23a9daec079,R_3P2L45iMUSD0xCF,math_15,1,reasoning,math,-1.2958735565727568,0.16000637181954314,-1.7976907741237227,1.5,3.4,0,0.04267469186821812,-0.3665237221790089,4,4,5,4,4,4,3,1,0,0,said_incorrect
5efe8c25e921d23a9daec079,R_3P2L45iMUSD0xCF,finance_27,0,reasoning,finance,-1.2958735565727568,0.16000637181954314,-1.7976907741237227,1.5,3.4,0,0.04267469186821812,-0.3665237221790089,4,4,5,4,4,4,3,1,0,1,said_correct
5efe8c25e921d23a9daec079,R_3P2L45iMUSD0xCF,medical_107,1,reasoning,medical,-1.2958735565727568,0.16000637181954314,-1.7976907741237227,1.5,3.4,0,0.04267469186821812,-0.3665237221790089,4,4,5,4,4,4,4,1,0,0,said_incorrect
5efe8c25e921d23a9daec079,R_3P2L45iMUSD0xCF,misinfo_100,1,reasoning,misinfo,-1.2958735565727568,0.16000637181954314,-1.7976907741237227,1.5,3.4,0,0.04267469186821812,-0.3665237221790089,4,4,5,4,4,4,5,1,1,1,said_correct
672ceecd4b982fd2123fa32f,R_6mn1R5coXNxZZ24,legal_22,1,reasoning,legal,-0.5543150120389906,-0.9667990635293529,0.8854297842698936,2.1666666666666665,2.4,3,0.04267469186821812,-0.3665237221790089,4,4,4,3,4,3,4,2,1,1,said_correct
672ceecd4b982fd2123fa32f,R_6mn1R5coXNxZZ24,math_17,0,reasoning,math,-0.5543150120389906,-0.9667990635293529,0.8854297842698936,2.1666666666666665,2.4,3,0.04267469186821812,-0.3665237221790089,4,4,4,3,4,3,1,2,0,1,said_correct
672ceecd4b982fd2123fa32f,R_6mn1R5coXNxZZ24,finance_21,1,reasoning,finance,-0.5543150120389906,-0.9667990635293529,0.8854297842698936,2.1666666666666665,2.4,3,0.04267469186821812,-0.3665237221790089,4,4,4,3,4,3,1,2,1,1,said_correct
672ceecd4b982fd2123fa32f,R_6mn1R5coXNxZZ24,medical_105,0,reasoning,medical,-0.5543150120389906,-0.9667990635293529,0.8854297842698936,2.1666666666666665,2.4,3,0.04267469186821812,-0.3665237221790089,4,4,4,3,4,3,3,2,0,1,said_correct
672ceecd4b982fd2123fa32f,R_6mn1R5coXNxZZ24,misinfo_106,0,reasoning,misinfo,-0.5543150120389906,-0.9667990635293529,0.8854297842698936,2.1666666666666665,2.4,3,0.04267469186821812,-0.3665237221790089,4,4,4,3,4,3,3,2,0,1,said_correct
67f224dfcaaa213111714560,R_3rjDqSafIOv5CsK,legal_23,1,reasoning,legal,-0.36892537590554864,1.2868118071684396,-0.008943735194645197,2.3333333333333335,4.4,2,-1.024192604837234,-0.3665237221790089,3,3,3,3,3,4,5,1,1,1,said_correct
67f224dfcaaa213111714560,R_3rjDqSafIOv5CsK,math_16,1,reasoning,math,-0.36892537590554864,1.2868118071684396,-0.008943735194645197,2.3333333333333335,4.4,2,-1.024192604837234,-0.3665237221790089,3,3,3,3,3,4,5,3,1,1,said_correct
67f224dfcaaa213111714560,R_3rjDqSafIOv5CsK,finance_26,0,reasoning,finance,-0.36892537590554864,1.2868118071684396,-0.008943735194645197,2.3333333333333335,4.4,2,-1.024192604837234,-0.3665237221790089,3,3,3,3,3,4,5,1,0,1,said_correct
67f224dfcaaa213111714560,R_3rjDqSafIOv5CsK,medical_102,1,reasoning,medical,-0.36892537590554864,1.2868118071684396,-0.008943735194645197,2.3333333333333335,4.4,2,-1.024192604837234,-0.3665237221790089,3,3,3,3,3,4,4,3,1,1,said_correct
67f224dfcaaa213111714560,R_3rjDqSafIOv5CsK,misinfo_103,1,reasoning,misinfo,-0.36892537590554864,1.2868118071684396,-0.008943735194645197,2.3333333333333335,4.4,2,-1.024192604837234,-0.3665237221790089,3,3,3,3,3,4,3,3,1,1,said_correct
67f04718ef98a837eb7180bb,R_3UVP32Smpgzsr3a,legal_28,1,reasoning,legal,1.85575025769575,0.6107285459591014,0.8854297842698936,4.333333333333333,3.8,3,-1.024192604837234,2.1612260859520864,5,4,5,2,4,3,4,5,0,0,said_incorrect
67f04718ef98a837eb7180bb,R_3UVP32Smpgzsr3a,math_17,1,reasoning,math,1.85575025769575,0.6107285459591014,0.8854297842698936,4.333333333333333,3.8,3,-1.024192604837234,2.1612260859520864,5,4,5,2,4,3,3,4,0,0,said_incorrect
67f04718ef98a837eb7180bb,R_3UVP32Smpgzsr3a,finance_27,0,reasoning,finance,1.85575025769575,0.6107285459591014,0.8854297842698936,4.333333333333333,3.8,3,-1.024192604837234,2.1612260859520864,5,4,5,2,4,3,4,4,0,1,said_correct
67f04718ef98a837eb7180bb,R_3UVP32Smpgzsr3a,medical_100,1,reasoning,medical,1.85575025769575,0.6107285459591014,0.8854297842698936,4.333333333333333,3.8,3,-1.024192604837234,2.1612260859520864,5,4,5,2,4,3,4,4,1,1,said_correct
67f04718ef98a837eb7180bb,R_3UVP32Smpgzsr3a,misinfo_109,0,reasoning,misinfo,1.85575025769575,0.6107285459591014,0.8854297842698936,4.333333333333333,3.8,3,-1.024192604837234,2.1612260859520864,5,4,5,2,4,3,4,4,0,1,said_correct
652e2bd923d23c34ce1e7734,R_5LcILwMvekB4H8W,legal_22,0,reasoning,legal,-0.18353573977210721,0.8360896330288808,-0.008943735194645197,2.5,4,2,0.04267469186821812,-0.3665237221790089,4,4,4,4,4,4,4,2,1,0,said_incorrect
652e2bd923d23c34ce1e7734,R_5LcILwMvekB4H8W,math_19,0,reasoning,math,-0.18353573977210721,0.8360896330288808,-0.008943735194645197,2.5,4,2,0.04267469186821812,-0.3665237221790089,4,4,4,4,4,4,5,1,0,1,said_correct
652e2bd923d23c34ce1e7734,R_5LcILwMvekB4H8W,finance_25,0,reasoning,finance,-0.18353573977210721,0.8360896330288808,-0.008943735194645197,2.5,4,2,0.04267469186821812,-0.3665237221790089,4,4,4,4,4,4,4,2,1,0,said_incorrect
652e2bd923d23c34ce1e7734,R_5LcILwMvekB4H8W,medical_105,1,reasoning,medical,-0.18353573977210721,0.8360896330288808,-0.008943735194645197,2.5,4,2,0.04267469186821812,-0.3665237221790089,4,4,4,4,4,4,3,2,0,0,said_incorrect
652e2bd923d23c34ce1e7734,R_5LcILwMvekB4H8W,misinfo_107,0,reasoning,misinfo,-0.18353573977210721,0.8360896330288808,-0.008943735194645197,2.5,4,2,0.04267469186821812,-0.3665237221790089,4,4,4,4,4,4,4,5,0,1,said_correct
676d6b0a137e2c9c8e9fc347,R_1HroymFToGHSsAF,legal_30,1,reasoning,legal,0.18724353249477613,0.6107285459591014,-1.7976907741237227,2.8333333333333335,3.8,0,0.04267469186821812,-0.3665237221790089,5,5,5,5,5,5,4,3,0,0,said_incorrect
676d6b0a137e2c9c8e9fc347,R_1HroymFToGHSsAF,math_16,1,reasoning,math,0.18724353249477613,0.6107285459591014,-1.7976907741237227,2.8333333333333335,3.8,0,0.04267469186821812,-0.3665237221790089,5,5,5,5,5,5,4,3,1,1,said_correct
676d6b0a137e2c9c8e9fc347,R_1HroymFToGHSsAF,finance_23,1,reasoning,finance,0.18724353249477613,0.6107285459591014,-1.7976907741237227,2.8333333333333335,3.8,0,0.04267469186821812,-0.3665237221790089,5,5,5,5,5,5,4,3,1,1,said_correct
676d6b0a137e2c9c8e9fc347,R_1HroymFToGHSsAF,medical_109,0,reasoning,medical,0.18724353249477613,0.6107285459591014,-1.7976907741237227,2.8333333333333335,3.8,0,0.04267469186821812,-0.3665237221790089,5,5,5,5,5,5,3,1,0,1,said_correct
676d6b0a137e2c9c8e9fc347,R_1HroymFToGHSsAF,misinfo_102,1,reasoning,misinfo,0.18724353249477613,0.6107285459591014,-1.7976907741237227,2.8333333333333335,3.8,0,0.04267469186821812,-0.3665237221790089,5,5,5,5,5,5,4,4,1,1,said_correct
675df6122e621909f289e258,R_5qTL40icDH25dFR,legal_31,0,reasoning,legal,1.2995813492954258,1.512172894238218,0.8854297842698936,3.8333333333333335,4.6,3,0.04267469186821812,0.8973511818865388,2,4,3,2,4,3,5,4,0,1,said_correct
675df6122e621909f289e258,R_5qTL40icDH25dFR,math_17,0,reasoning,math,1.2995813492954258,1.512172894238218,0.8854297842698936,3.8333333333333335,4.6,3,0.04267469186821812,0.8973511818865388,2,4,3,2,4,3,5,5,0,1,said_correct
675df6122e621909f289e258,R_5qTL40icDH25dFR,finance_24,1,reasoning,finance,1.2995813492954258,1.512172894238218,0.8854297842698936,3.8333333333333335,4.6,3,0.04267469186821812,0.8973511818865388,2,4,3,2,4,3,5,4,1,1,said_correct
675df6122e621909f289e258,R_5qTL40icDH25dFR,medical_108,0,reasoning,medical,1.2995813492954258,1.512172894238218,0.8854297842698936,3.8333333333333335,4.6,3,0.04267469186821812,0.8973511818865388,2,4,3,2,4,3,4,2,0,1,said_correct
675df6122e621909f289e258,R_5qTL40icDH25dFR,misinfo_106,1,reasoning,misinfo,1.2995813492954258,1.512172894238218,0.8854297842698936,3.8333333333333335,4.6,3,0.04267469186821812,0.8973511818865388,2,4,3,2,4,3,4,4,0,0,said_incorrect
67246794a85893f571f01fcc,R_5fAHV04cfVV31h2,legal_27,0,reasoning,legal,-0.5543150120389906,1.9628950683777768,-0.008943735194645197,2.1666666666666665,5,2,0.04267469186821812,-0.3665237221790089,1,2,1,4,4,4,5,2,0,1,said_correct
67246794a85893f571f01fcc,R_5fAHV04cfVV31h2,math_20,1,reasoning,math,-0.5543150120389906,1.9628950683777768,-0.008943735194645197,2.1666666666666665,5,2,0.04267469186821812,-0.3665237221790089,1,2,1,4,4,4,5,2,1,1,said_correct
67246794a85893f571f01fcc,R_5fAHV04cfVV31h2,finance_23,1,reasoning,finance,-0.5543150120389906,1.9628950683777768,-0.008943735194645197,2.1666666666666665,5,2,0.04267469186821812,-0.3665237221790089,1,2,1,4,4,4,5,2,1,1,said_correct
67246794a85893f571f01fcc,R_5fAHV04cfVV31h2,medical_107,1,reasoning,medical,-0.5543150120389906,1.9628950683777768,-0.008943735194645197,2.1666666666666665,5,2,0.04267469186821812,-0.3665237221790089,1,2,1,4,4,4,5,2,0,0,said_incorrect
67246794a85893f571f01fcc,R_5fAHV04cfVV31h2,misinfo_104,0,reasoning,misinfo,-0.5543150120389906,1.9628950683777768,-0.008943735194645197,2.1666666666666665,5,2,0.04267469186821812,-0.3665237221790089,1,2,1,4,4,4,5,2,0,1,said_correct
63617d0513b0cf392fd67e3e,R_3lIYTQUC0WD8WvT,legal_31,0,reasoning,legal,-0.739704648172432,0.16000637181954314,0.8854297842698936,2,3.4,3,-1.024192604837234,-0.3665237221790089,2,4,1,2,4,2,3,2,0,1,said_correct
63617d0513b0cf392fd67e3e,R_3lIYTQUC0WD8WvT,math_15,0,reasoning,math,-0.739704648172432,0.16000637181954314,0.8854297842698936,2,3.4,3,-1.024192604837234,-0.3665237221790089,2,4,1,2,4,2,4,1,0,1,said_correct
63617d0513b0cf392fd67e3e,R_3lIYTQUC0WD8WvT,finance_29,0,reasoning,finance,-0.739704648172432,0.16000637181954314,0.8854297842698936,2,3.4,3,-1.024192604837234,-0.3665237221790089,2,4,1,2,4,2,4,1,0,1,said_correct
63617d0513b0cf392fd67e3e,R_3lIYTQUC0WD8WvT,medical_109,0,reasoning,medical,-0.739704648172432,0.16000637181954314,0.8854297842698936,2,3.4,3,-1.024192604837234,-0.3665237221790089,2,4,1,2,4,2,3,2,0,1,said_correct
63617d0513b0cf392fd67e3e,R_3lIYTQUC0WD8WvT,misinfo_109,1,reasoning,misinfo,-0.739704648172432,0.16000637181954314,0.8854297842698936,2,3.4,3,-1.024192604837234,-0.3665237221790089,2,4,1,2,4,2,3,3,0,0,said_incorrect
6712fc1608041fe311ca2221,R_5CZjb3Y4rg1iXVx,legal_30,0,reasoning,legal,2.226529529962634,1.7375339813079975,0.8854297842698936,4.666666666666667,4.8,3,0.04267469186821812,0.8973511818865388,4,5,4,5,5,5,5,5,0,1,said_correct
6712fc1608041fe311ca2221,R_5CZjb3Y4rg1iXVx,math_17,0,reasoning,math,2.226529529962634,1.7375339813079975,0.8854297842698936,4.666666666666667,4.8,3,0.04267469186821812,0.8973511818865388,4,5,4,5,5,5,5,5,0,1,said_correct
6712fc1608041fe311ca2221,R_5CZjb3Y4rg1iXVx,finance_29,0,reasoning,finance,2.226529529962634,1.7375339813079975,0.8854297842698936,4.666666666666667,4.8,3,0.04267469186821812,0.8973511818865388,4,5,4,5,5,5,5,5,0,1,said_correct
6712fc1608041fe311ca2221,R_5CZjb3Y4rg1iXVx,medical_107,1,reasoning,medical,2.226529529962634,1.7375339813079975,0.8854297842698936,4.666666666666667,4.8,3,0.04267469186821812,0.8973511818865388,4,5,4,5,5,5,4,4,0,0,said_incorrect
6712fc1608041fe311ca2221,R_5CZjb3Y4rg1iXVx,misinfo_106,0,reasoning,misinfo,2.226529529962634,1.7375339813079975,0.8854297842698936,4.666666666666667,4.8,3,0.04267469186821812,0.8973511818865388,4,5,4,5,5,5,5,5,0,1,said_correct
667d08e12ac1bcbdd829a936,R_7rapE94Zoq0rgg9,legal_30,0,answer,legal,-0.9250942843058737,-1.4175212376689112,0.8854297842698936,1.8333333333333333,2,3,2.1764092852791226,-1.6303986262445567,2,2,2,2,2,2,3,2,0,1,said_correct
667d08e12ac1bcbdd829a936,R_7rapE94Zoq0rgg9,math_22,0,answer,math,-0.9250942843058737,-1.4175212376689112,0.8854297842698936,1.8333333333333333,2,3,2.1764092852791226,-1.6303986262445567,2,2,2,2,2,2,1,2,1,0,said_incorrect
667d08e12ac1bcbdd829a936,R_7rapE94Zoq0rgg9,finance_28,0,answer,finance,-0.9250942843058737,-1.4175212376689112,0.8854297842698936,1.8333333333333333,2,3,2.1764092852791226,-1.6303986262445567,2,2,2,2,2,2,1,1,0,1,said_correct
667d08e12ac1bcbdd829a936,R_7rapE94Zoq0rgg9,medical_107,0,answer,medical,-0.9250942843058737,-1.4175212376689112,0.8854297842698936,1.8333333333333333,2,3,2.1764092852791226,-1.6303986262445567,2,2,2,2,2,2,2,1,0,1,said_correct
667d08e12ac1bcbdd829a936,R_7rapE94Zoq0rgg9,misinfo_101,1,answer,misinfo,-0.9250942843058737,-1.4175212376689112,0.8854297842698936,1.8333333333333333,2,3,2.1764092852791226,-1.6303986262445567,2,2,2,2,2,2,3,3,1,1,said_correct
5dd2f94a238a913096c52317,R_5MJUFhJO7lW9edY,legal_23,0,answer,legal,-1.110483920439315,-1.6428823247386903,0.8854297842698936,1.6666666666666667,1.8,3,0.04267469186821812,-0.3665237221790089,4,4,4,4,4,4,3,2,1,0,said_incorrect
5dd2f94a238a913096c52317,R_5MJUFhJO7lW9edY,math_14,1,answer,math,-1.110483920439315,-1.6428823247386903,0.8854297842698936,1.6666666666666667,1.8,3,0.04267469186821812,-0.3665237221790089,4,4,4,4,4,4,1,1,1,1,said_correct
5dd2f94a238a913096c52317,R_5MJUFhJO7lW9edY,finance_23,1,answer,finance,-1.110483920439315,-1.6428823247386903,0.8854297842698936,1.6666666666666667,1.8,3,0.04267469186821812,-0.3665237221790089,4,4,4,4,4,4,1,1,1,1,said_correct
5dd2f94a238a913096c52317,R_5MJUFhJO7lW9edY,medical_109,0,answer,medical,-1.110483920439315,-1.6428823247386903,0.8854297842698936,1.6666666666666667,1.8,3,0.04267469186821812,-0.3665237221790089,4,4,4,4,4,4,2,1,0,1,said_correct
5dd2f94a238a913096c52317,R_5MJUFhJO7lW9edY,misinfo_104,0,answer,misinfo,-1.110483920439315,-1.6428823247386903,0.8854297842698936,1.6666666666666667,1.8,3,0.04267469186821812,-0.3665237221790089,4,4,4,4,4,4,2,2,0,1,said_correct
5d49a0b751695e0001a188a8,R_3OuZ5oZPTNBnDpj,legal_26,0,answer,legal,-0.18353573977210721,-0.2907158023200152,-1.7976907741237227,2.5,3,0,0.04267469186821812,0.8973511818865388,4,4,4,4,4,4,4,3,1,0,said_incorrect
5d49a0b751695e0001a188a8,R_3OuZ5oZPTNBnDpj,math_19,0,answer,math,-0.18353573977210721,-0.2907158023200152,-1.7976907741237227,2.5,3,0,0.04267469186821812,0.8973511818865388,4,4,4,4,4,4,2,1,0,1,said_correct
5d49a0b751695e0001a188a8,R_3OuZ5oZPTNBnDpj,finance_21,0,answer,finance,-0.18353573977210721,-0.2907158023200152,-1.7976907741237227,2.5,3,0,0.04267469186821812,0.8973511818865388,4,4,4,4,4,4,2,2,1,0,said_incorrect
5d49a0b751695e0001a188a8,R_3OuZ5oZPTNBnDpj,medical_103,0,answer,medical,-0.18353573977210721,-0.2907158023200152,-1.7976907741237227,2.5,3,0,0.04267469186821812,0.8973511818865388,4,4,4,4,4,4,3,1,1,0,said_incorrect
5d49a0b751695e0001a188a8,R_3OuZ5oZPTNBnDpj,misinfo_103,1,answer,misinfo,-0.18353573977210721,-0.2907158023200152,-1.7976907741237227,2.5,3,0,0.04267469186821812,0.8973511818865388,4,4,4,4,4,4,4,4,1,1,said_correct
673feeafa80a279f5cc63e33,R_7kIIle5Nc5xXGQd,legal_29,0,answer,legal,-1.8520424649730816,-0.9667990635293529,0.8854297842698936,1,2.4,3,0.04267469186821812,-2.8942735303101044,4,4,4,4,4,3,4,1,0,1,said_correct
673feeafa80a279f5cc63e33,R_7kIIle5Nc5xXGQd,math_22,1,answer,math,-1.8520424649730816,-0.9667990635293529,0.8854297842698936,1,2.4,3,0.04267469186821812,-2.8942735303101044,4,4,4,4,4,3,2,1,1,1,said_correct
673feeafa80a279f5cc63e33,R_7kIIle5Nc5xXGQd,finance_23,1,answer,finance,-1.8520424649730816,-0.9667990635293529,0.8854297842698936,1,2.4,3,0.04267469186821812,-2.8942735303101044,4,4,4,4,4,3,3,1,1,1,said_correct
673feeafa80a279f5cc63e33,R_7kIIle5Nc5xXGQd,medical_109,1,answer,medical,-1.8520424649730816,-0.9667990635293529,0.8854297842698936,1,2.4,3,0.04267469186821812,-2.8942735303101044,4,4,4,4,4,3,2,1,0,0,said_incorrect
673feeafa80a279f5cc63e33,R_7kIIle5Nc5xXGQd,misinfo_100,0,answer,misinfo,-1.8520424649730816,-0.9667990635293529,0.8854297842698936,1,2.4,3,0.04267469186821812,-2.8942735303101044,4,4,4,4,4,3,1,1,1,0,said_incorrect
5563984afdf99b672b5749b6,R_5hXPIGx67TXcZE5,legal_27,1,answer,legal,1.670360621562309,0.38536745888932256,0.8854297842698936,4.166666666666667,3.6,3,-1.024192604837234,2.1612260859520864,2,2,1,2,2,1,3,4,0,0,said_incorrect
5563984afdf99b672b5749b6,R_5hXPIGx67TXcZE5,math_22,1,answer,math,1.670360621562309,0.38536745888932256,0.8854297842698936,4.166666666666667,3.6,3,-1.024192604837234,2.1612260859520864,2,2,1,2,2,1,5,5,1,1,said_correct
5563984afdf99b672b5749b6,R_5hXPIGx67TXcZE5,finance_26,1,answer,finance,1.670360621562309,0.38536745888932256,0.8854297842698936,4.166666666666667,3.6,3,-1.024192604837234,2.1612260859520864,2,2,1,2,2,1,3,3,0,0,said_incorrect
5563984afdf99b672b5749b6,R_5hXPIGx67TXcZE5,medical_101,1,answer,medical,1.670360621562309,0.38536745888932256,0.8854297842698936,4.166666666666667,3.6,3,-1.024192604837234,2.1612260859520864,2,2,1,2,2,1,3,3,1,1,said_correct
5563984afdf99b672b5749b6,R_5hXPIGx67TXcZE5,misinfo_106,1,answer,misinfo,1.670360621562309,0.38536745888932256,0.8854297842698936,4.166666666666667,3.6,3,-1.024192604837234,2.1612260859520864,2,2,1,2,2,1,4,5,0,0,said_incorrect
627121bbdd4e39bcc0a0079f,R_6rOfyZiUmLUnwQe,legal_29,1,answer,legal,-0.18353573977210721,0.8360896330288808,-1.7976907741237227,2.5,4,0,-1.024192604837234,0.8973511818865388,4,5,5,4,5,4,4,2,0,0,said_incorrect
627121bbdd4e39bcc0a0079f,R_6rOfyZiUmLUnwQe,math_21,1,answer,math,-0.18353573977210721,0.8360896330288808,-1.7976907741237227,2.5,4,0,-1.024192604837234,0.8973511818865388,4,5,5,4,5,4,4,1,1,1,said_correct
627121bbdd4e39bcc0a0079f,R_6rOfyZiUmLUnwQe,finance_28,0,answer,finance,-0.18353573977210721,0.8360896330288808,-1.7976907741237227,2.5,4,0,-1.024192604837234,0.8973511818865388,4,5,5,4,5,4,3,1,0,1,said_correct
627121bbdd4e39bcc0a0079f,R_6rOfyZiUmLUnwQe,medical_106,0,answer,medical,-0.18353573977210721,0.8360896330288808,-1.7976907741237227,2.5,4,0,-1.024192604837234,0.8973511818865388,4,5,5,4,5,4,4,3,0,1,said_correct
627121bbdd4e39bcc0a0079f,R_6rOfyZiUmLUnwQe,misinfo_102,1,answer,misinfo,-0.18353573977210721,0.8360896330288808,-1.7976907741237227,2.5,4,0,-1.024192604837234,0.8973511818865388,4,5,5,4,5,4,5,4,1,1,said_correct
6701580c116225812fb34d99,R_34lYi9fUygARjWx,legal_25,0,answer,legal,0.37263316862821755,-0.2907158023200152,0.8854297842698936,3,3,3,1.1095419885736704,-0.3665237221790089,4,5,4,4,5,4,3,3,1,0,said_incorrect
6701580c116225812fb34d99,R_34lYi9fUygARjWx,math_15,1,answer,math,0.37263316862821755,-0.2907158023200152,0.8854297842698936,3,3,3,1.1095419885736704,-0.3665237221790089,4,5,4,4,5,4,4,4,0,0,said_incorrect
6701580c116225812fb34d99,R_34lYi9fUygARjWx,finance_26,0,answer,finance,0.37263316862821755,-0.2907158023200152,0.8854297842698936,3,3,3,1.1095419885736704,-0.3665237221790089,4,5,4,4,5,4,2,2,0,1,said_correct
6701580c116225812fb34d99,R_34lYi9fUygARjWx,medical_100,0,answer,medical,0.37263316862821755,-0.2907158023200152,0.8854297842698936,3,3,3,1.1095419885736704,-0.3665237221790089,4,5,4,4,5,4,1,1,1,0,said_incorrect
6701580c116225812fb34d99,R_34lYi9fUygARjWx,misinfo_101,1,answer,misinfo,0.37263316862821755,-0.2907158023200152,0.8854297842698936,3,3,3,1.1095419885736704,-0.3665237221790089,4,5,4,4,5,4,5,5,1,1,said_correct
66e12593ddd5a01785c4e288,R_5qEwx1YrsasOOf7,legal_31,1,answer,legal,-0.739704648172432,-0.2907158023200152,-1.7976907741237227,2,3,0,0.04267469186821812,-0.3665237221790089,4,5,5,4,4,4,4,2,0,0,said_incorrect
66e12593ddd5a01785c4e288,R_5qEwx1YrsasOOf7,math_18,1,answer,math,-0.739704648172432,-0.2907158023200152,-1.7976907741237227,2,3,0,0.04267469186821812,-0.3665237221790089,4,5,5,4,4,4,3,1,1,1,said_correct
66e12593ddd5a01785c4e288,R_5qEwx1YrsasOOf7,finance_30,0,answer,finance,-0.739704648172432,-0.2907158023200152,-1.7976907741237227,2,3,0,0.04267469186821812,-0.3665237221790089,4,5,5,4,4,4,3,1,0,1,said_correct
66e12593ddd5a01785c4e288,R_5qEwx1YrsasOOf7,medical_103,0,answer,medical,-0.739704648172432,-0.2907158023200152,-1.7976907741237227,2,3,0,0.04267469186821812,-0.3665237221790089,4,5,5,4,4,4,1,2,1,0,said_incorrect
66e12593ddd5a01785c4e288,R_5qEwx1YrsasOOf7,misinfo_106,0,answer,misinfo,-0.739704648172432,-0.2907158023200152,-1.7976907741237227,2,3,0,0.04267469186821812,-0.3665237221790089,4,5,5,4,4,4,4,3,0,1,said_correct
67a60aab3179b5e743db2a2b,R_6xy0AyPPbNjgurn,legal_31,1,answer,legal,-0.18353573977210721,-0.9667990635293529,0.8854297842698936,2.5,2.4,3,2.1764092852791226,-0.3665237221790089,2,4,3,3,3,2,4,3,0,0,said_incorrect
67a60aab3179b5e743db2a2b,R_6xy0AyPPbNjgurn,math_22,1,answer,math,-0.18353573977210721,-0.9667990635293529,0.8854297842698936,2.5,2.4,3,2.1764092852791226,-0.3665237221790089,2,4,3,3,3,2,2,3,1,1,said_correct
67a60aab3179b5e743db2a2b,R_6xy0AyPPbNjgurn,finance_26,1,answer,finance,-0.18353573977210721,-0.9667990635293529,0.8854297842698936,2.5,2.4,3,2.1764092852791226,-0.3665237221790089,2,4,3,3,3,2,2,1,0,0,said_incorrect
67a60aab3179b5e743db2a2b,R_6xy0AyPPbNjgurn,medical_109,1,answer,medical,-0.18353573977210721,-0.9667990635293529,0.8854297842698936,2.5,2.4,3,2.1764092852791226,-0.3665237221790089,2,4,3,3,3,2,2,3,0,0,said_incorrect
67a60aab3179b5e743db2a2b,R_6xy0AyPPbNjgurn,misinfo_107,1,answer,misinfo,-0.18353573977210721,-0.9667990635293529,0.8854297842698936,2.5,2.4,3,2.1764092852791226,-0.3665237221790089,2,4,3,3,3,2,2,2,0,0,said_incorrect
651090beae417ded35c4ef2f,R_3jvFeGcnlqHHASl,legal_29,1,answer,legal,-0.739704648172432,-0.2907158023200152,0.8854297842698936,2,3,3,0.04267469186821812,-0.3665237221790089,4,4,4,4,3,4,4,2,0,0,said_incorrect
651090beae417ded35c4ef2f,R_3jvFeGcnlqHHASl,math_21,0,answer,math,-0.739704648172432,-0.2907158023200152,0.8854297842698936,2,3,3,0.04267469186821812,-0.3665237221790089,4,4,4,4,3,4,3,1,1,0,said_incorrect
651090beae417ded35c4ef2f,R_3jvFeGcnlqHHASl,finance_28,1,answer,finance,-0.739704648172432,-0.2907158023200152,0.8854297842698936,2,3,3,0.04267469186821812,-0.3665237221790089,4,4,4,4,3,4,1,2,0,0,said_incorrect
651090beae417ded35c4ef2f,R_3jvFeGcnlqHHASl,medical_101,0,answer,medical,-0.739704648172432,-0.2907158023200152,0.8854297842698936,2,3,3,0.04267469186821812,-0.3665237221790089,4,4,4,4,3,4,3,1,1,0,said_incorrect
651090beae417ded35c4ef2f,R_3jvFeGcnlqHHASl,misinfo_102,1,answer,misinfo,-0.739704648172432,-0.2907158023200152,0.8854297842698936,2,3,3,0.04267469186821812,-0.3665237221790089,4,4,4,4,3,4,4,3,1,1,said_correct
65c10d8000af1af81e3f42ec,R_7qOs8rgB2fJqS7T,legal_29,0,answer,legal,0.0018538963613342117,0.16000637181954314,-0.008943735194645197,2.6666666666666665,3.4,2,0.04267469186821812,-0.3665237221790089,5,5,5,5,5,5,4,1,0,1,said_correct
65c10d8000af1af81e3f42ec,R_7qOs8rgB2fJqS7T,math_19,0,answer,math,0.0018538963613342117,0.16000637181954314,-0.008943735194645197,2.6666666666666665,3.4,2,0.04267469186821812,-0.3665237221790089,5,5,5,5,5,5,4,4,0,1,said_correct
65c10d8000af1af81e3f42ec,R_7qOs8rgB2fJqS7T,finance_27,0,answer,finance,0.0018538963613342117,0.16000637181954314,-0.008943735194645197,2.6666666666666665,3.4,2,0.04267469186821812,-0.3665237221790089,5,5,5,5,5,5,4,4,0,1,said_correct
65c10d8000af1af81e3f42ec,R_7qOs8rgB2fJqS7T,medical_108,0,answer,medical,0.0018538963613342117,0.16000637181954314,-0.008943735194645197,2.6666666666666665,3.4,2,0.04267469186821812,-0.3665237221790089,5,5,5,5,5,5,4,3,0,1,said_correct
65c10d8000af1af81e3f42ec,R_7qOs8rgB2fJqS7T,misinfo_102,1,answer,misinfo,0.0018538963613342117,0.16000637181954314,-0.008943735194645197,2.6666666666666665,3.4,2,0.04267469186821812,-0.3665237221790089,5,5,5,5,5,5,1,1,1,1,said_correct
6678a6336d90a3a9973585c3,R_6P0u7xvplGk4FfI,legal_27,0,answer,legal,-1.2958735565727568,-2.318965585948028,-1.7976907741237227,1.5,1.2,0,0.04267469186821812,-0.3665237221790089,5,5,5,5,5,5,2,2,0,1,said_correct
6678a6336d90a3a9973585c3,R_6P0u7xvplGk4FfI,math_14,1,answer,math,-1.2958735565727568,-2.318965585948028,-1.7976907741237227,1.5,1.2,0,0.04267469186821812,-0.3665237221790089,5,5,5,5,5,5,1,1,1,1,said_correct
6678a6336d90a3a9973585c3,R_6P0u7xvplGk4FfI,finance_27,0,answer,finance,-1.2958735565727568,-2.318965585948028,-1.7976907741237227,1.5,1.2,0,0.04267469186821812,-0.3665237221790089,5,5,5,5,5,5,1,1,0,1,said_correct
6678a6336d90a3a9973585c3,R_6P0u7xvplGk4FfI,medical_105,0,answer,medical,-1.2958735565727568,-2.318965585948028,-1.7976907741237227,1.5,1.2,0,0.04267469186821812,-0.3665237221790089,5,5,5,5,5,5,1,1,0,1,said_correct
6678a6336d90a3a9973585c3,R_6P0u7xvplGk4FfI,misinfo_108,0,answer,misinfo,-1.2958735565727568,-2.318965585948028,-1.7976907741237227,1.5,1.2,0,0.04267469186821812,-0.3665237221790089,5,5,5,5,5,5,1,1,0,1,said_correct
644bc265cb8a19eab3311bab,R_7l6nXX8JVr3NgXd,legal_25,0,answer,legal,-0.36892537590554864,0.6107285459591014,-0.008943735194645197,2.3333333333333335,3.8,2,0.04267469186821812,-0.3665237221790089,4,5,4,4,5,4,4,2,1,0,said_incorrect
644bc265cb8a19eab3311bab,R_7l6nXX8JVr3NgXd,math_14,0,answer,math,-0.36892537590554864,0.6107285459591014,-0.008943735194645197,2.3333333333333335,3.8,2,0.04267469186821812,-0.3665237221790089,4,5,4,4,5,4,4,1,1,0,said_incorrect
644bc265cb8a19eab3311bab,R_7l6nXX8JVr3NgXd,finance_24,1,answer,finance,-0.36892537590554864,0.6107285459591014,-0.008943735194645197,2.3333333333333335,3.8,2,0.04267469186821812,-0.3665237221790089,4,5,4,4,5,4,4,3,1,1,said_correct
644bc265cb8a19eab3311bab,R_7l6nXX8JVr3NgXd,medical_109,0,answer,medical,-0.36892537590554864,0.6107285459591014,-0.008943735194645197,2.3333333333333335,3.8,2,0.04267469186821812,-0.3665237221790089,4,5,4,4,5,4,3,2,0,1,said_correct
644bc265cb8a19eab3311bab,R_7l6nXX8JVr3NgXd,misinfo_105,1,answer,misinfo,-0.36892537590554864,0.6107285459591014,-0.008943735194645197,2.3333333333333335,3.8,2,0.04267469186821812,-0.3665237221790089,4,5,4,4,5,4,4,3,1,1,said_correct
6748f8e31516667cc3eb71e8,R_1EbYciAr6gvYFF5,legal_24,1,answer,legal,0.558022804761659,1.7375339813079975,-0.008943735194645197,3.1666666666666665,4.8,2,-1.024192604837234,2.1612260859520864,5,5,5,5,5,5,5,3,1,1,said_correct
6748f8e31516667cc3eb71e8,R_1EbYciAr6gvYFF5,math_17,0,answer,math,0.558022804761659,1.7375339813079975,-0.008943735194645197,3.1666666666666665,4.8,2,-1.024192604837234,2.1612260859520864,5,5,5,5,5,5,5,2,0,1,said_correct
6748f8e31516667cc3eb71e8,R_1EbYciAr6gvYFF5,finance_29,0,answer,finance,0.558022804761659,1.7375339813079975,-0.008943735194645197,3.1666666666666665,4.8,2,-1.024192604837234,2.1612260859520864,5,5,5,5,5,5,4,1,0,1,said_correct
6748f8e31516667cc3eb71e8,R_1EbYciAr6gvYFF5,medical_104,1,answer,medical,0.558022804761659,1.7375339813079975,-0.008943735194645197,3.1666666666666665,4.8,2,-1.024192604837234,2.1612260859520864,5,5,5,5,5,5,5,4,1,1,said_correct
6748f8e31516667cc3eb71e8,R_1EbYciAr6gvYFF5,misinfo_109,0,answer,misinfo,0.558022804761659,1.7375339813079975,-0.008943735194645197,3.1666666666666665,4.8,2,-1.024192604837234,2.1612260859520864,5,5,5,5,5,5,5,4,0,1,said_correct
660dfb0b513cd3c8af03656e,R_3afPUpF3G7Wagq6,legal_24,0,answer,legal,-0.9250942843058737,0.38536745888932256,-1.7976907741237227,1.8333333333333333,3.6,0,0.04267469186821812,-0.3665237221790089,4,4,4,3,4,3,4,2,1,0,said_incorrect
660dfb0b513cd3c8af03656e,R_3afPUpF3G7Wagq6,math_15,0,answer,math,-0.9250942843058737,0.38536745888932256,-1.7976907741237227,1.8333333333333333,3.6,0,0.04267469186821812,-0.3665237221790089,4,4,4,3,4,3,5,1,0,1,said_correct
660dfb0b513cd3c8af03656e,R_3afPUpF3G7Wagq6,finance_25,1,answer,finance,-0.9250942843058737,0.38536745888932256,-1.7976907741237227,1.8333333333333333,3.6,0,0.04267469186821812,-0.3665237221790089,4,4,4,3,4,3,4,1,1,1,said_correct
660dfb0b513cd3c8af03656e,R_3afPUpF3G7Wagq6,medical_109,1,answer,medical,-0.9250942843058737,0.38536745888932256,-1.7976907741237227,1.8333333333333333,3.6,0,0.04267469186821812,-0.3665237221790089,4,4,4,3,4,3,2,1,0,0,said_incorrect
660dfb0b513cd3c8af03656e,R_3afPUpF3G7Wagq6,misinfo_107,1,answer,misinfo,-0.9250942843058737,0.38536745888932256,-1.7976907741237227,1.8333333333333333,3.6,0,0.04267469186821812,-0.3665237221790089,4,4,4,3,4,3,3,3,0,0,said_incorrect
5f4d296913fe2f98d46f520c,R_3083O2kXeYID1qV,legal_31,0,answer,legal,-0.9250942843058737,0.16000637181954314,-0.903317254659184,1.8333333333333333,3.4,1,-1.024192604837234,-0.3665237221790089,5,5,5,5,5,5,4,3,0,1,said_correct
5f4d296913fe2f98d46f520c,R_3083O2kXeYID1qV,math_18,1,answer,math,-0.9250942843058737,0.16000637181954314,-0.903317254659184,1.8333333333333333,3.4,1,-1.024192604837234,-0.3665237221790089,5,5,5,5,5,5,2,2,1,1,said_correct
5f4d296913fe2f98d46f520c,R_3083O2kXeYID1qV,finance_29,1,answer,finance,-0.9250942843058737,0.16000637181954314,-0.903317254659184,1.8333333333333333,3.4,1,-1.024192604837234,-0.3665237221790089,5,5,5,5,5,5,1,1,0,0,said_incorrect
5f4d296913fe2f98d46f520c,R_3083O2kXeYID1qV,medical_109,0,answer,medical,-0.9250942843058737,0.16000637181954314,-0.903317254659184,1.8333333333333333,3.4,1,-1.024192604837234,-0.3665237221790089,5,5,5,5,5,5,5,1,0,1,said_correct
5f4d296913fe2f98d46f520c,R_3083O2kXeYID1qV,misinfo_103,1,answer,misinfo,-0.9250942843058737,0.16000637181954314,-0.903317254659184,1.8333333333333333,3.4,1,-1.024192604837234,-0.3665237221790089,5,5,5,5,5,5,5,1,1,1,said_correct
668ddcae66b7fcec2f492fd0,R_3WSBy8TdnoCqacG,legal_28,1,answer,legal,-0.739704648172432,-0.9667990635293529,0.8854297842698936,2,2.4,3,-1.024192604837234,-0.3665237221790089,4,4,4,4,4,4,4,3,0,0,said_incorrect
668ddcae66b7fcec2f492fd0,R_3WSBy8TdnoCqacG,math_14,0,answer,math,-0.739704648172432,-0.9667990635293529,0.8854297842698936,2,2.4,3,-1.024192604837234,-0.3665237221790089,4,4,4,4,4,4,1,1,1,0,said_incorrect
668ddcae66b7fcec2f492fd0,R_3WSBy8TdnoCqacG,finance_30,1,answer,finance,-0.739704648172432,-0.9667990635293529,0.8854297842698936,2,2.4,3,-1.024192604837234,-0.3665237221790089,4,4,4,4,4,4,1,1,0,0,said_incorrect
668ddcae66b7fcec2f492fd0,R_3WSBy8TdnoCqacG,medical_102,1,answer,medical,-0.739704648172432,-0.9667990635293529,0.8854297842698936,2,2.4,3,-1.024192604837234,-0.3665237221790089,4,4,4,4,4,4,3,1,1,1,said_correct
668ddcae66b7fcec2f492fd0,R_3WSBy8TdnoCqacG,misinfo_106,0,answer,misinfo,-0.739704648172432,-0.9667990635293529,0.8854297842698936,2,2.4,3,-1.024192604837234,-0.3665237221790089,4,4,4,4,4,4,3,3,0,1,said_correct
672d127c0844b35fabc0dae8,R_1xq8Sj5xQB06BGx,legal_24,0,answer,legal,-0.9250942843058737,-1.1921601505991317,-0.008943735194645197,1.8333333333333333,2.2,2,0.04267469186821812,-0.3665237221790089,4,4,4,4,4,4,4,2,1,0,said_incorrect
672d127c0844b35fabc0dae8,R_1xq8Sj5xQB06BGx,math_16,1,answer,math,-0.9250942843058737,-1.1921601505991317,-0.008943735194645197,1.8333333333333333,2.2,2,0.04267469186821812,-0.3665237221790089,4,4,4,4,4,4,1,1,1,1,said_correct
672d127c0844b35fabc0dae8,R_1xq8Sj5xQB06BGx,finance_25,1,answer,finance,-0.9250942843058737,-1.1921601505991317,-0.008943735194645197,1.8333333333333333,2.2,2,0.04267469186821812,-0.3665237221790089,4,4,4,4,4,4,1,1,1,1,said_correct
672d127c0844b35fabc0dae8,R_1xq8Sj5xQB06BGx,medical_104,1,answer,medical,-0.9250942843058737,-1.1921601505991317,-0.008943735194645197,1.8333333333333333,2.2,2,0.04267469186821812,-0.3665237221790089,4,4,4,4,4,4,2,2,1,1,said_correct
672d127c0844b35fabc0dae8,R_1xq8Sj5xQB06BGx,misinfo_103,1,answer,misinfo,-0.9250942843058737,-1.1921601505991317,-0.008943735194645197,1.8333333333333333,2.2,2,0.04267469186821812,-0.3665237221790089,4,4,4,4,4,4,3,2,1,1,said_correct
66c019586569ea36287bd523,R_5Ey654z9lQ1rxHw,legal_26,0,answer,legal,2.041139893829192,1.0614507200986603,-1.7976907741237227,4.5,4.2,0,0.04267469186821812,2.1612260859520864,4,4,4,2,2,2,4,4,1,0,said_incorrect
66c019586569ea36287bd523,R_5Ey654z9lQ1rxHw,math_18,1,answer,math,2.041139893829192,1.0614507200986603,-1.7976907741237227,4.5,4.2,0,0.04267469186821812,2.1612260859520864,4,4,4,2,2,2,4,5,1,1,said_correct
66c019586569ea36287bd523,R_5Ey654z9lQ1rxHw,finance_26,0,answer,finance,2.041139893829192,1.0614507200986603,-1.7976907741237227,4.5,4.2,0,0.04267469186821812,2.1612260859520864,4,4,4,2,2,2,5,5,0,1,said_correct
66c019586569ea36287bd523,R_5Ey654z9lQ1rxHw,medical_108,0,answer,medical,2.041139893829192,1.0614507200986603,-1.7976907741237227,4.5,4.2,0,0.04267469186821812,2.1612260859520864,4,4,4,2,2,2,4,4,0,1,said_correct
66c019586569ea36287bd523,R_5Ey654z9lQ1rxHw,misinfo_107,0,answer,misinfo,2.041139893829192,1.0614507200986603,-1.7976907741237227,4.5,4.2,0,0.04267469186821812,2.1612260859520864,4,4,4,2,2,2,4,4,0,1,said_correct
657e2b6843cb49c64a6cb939,R_3q3yeJdeWIQ2kUr,legal_28,1,answer,legal,1.2995813492954258,1.9628950683777768,-0.008943735194645197,3.8333333333333335,5,2,0.04267469186821812,-0.3665237221790089,5,5,5,5,5,5,5,4,0,0,said_incorrect
657e2b6843cb49c64a6cb939,R_3q3yeJdeWIQ2kUr,math_18,1,answer,math,1.2995813492954258,1.9628950683777768,-0.008943735194645197,3.8333333333333335,5,2,0.04267469186821812,-0.3665237221790089,5,5,5,5,5,5,5,3,1,1,said_correct
657e2b6843cb49c64a6cb939,R_3q3yeJdeWIQ2kUr,finance_22,1,answer,finance,1.2995813492954258,1.9628950683777768,-0.008943735194645197,3.8333333333333335,5,2,0.04267469186821812,-0.3665237221790089,5,5,5,5,5,5,5,4,1,1,said_correct
657e2b6843cb49c64a6cb939,R_3q3yeJdeWIQ2kUr,medical_101,0,answer,medical,1.2995813492954258,1.9628950683777768,-0.008943735194645197,3.8333333333333335,5,2,0.04267469186821812,-0.3665237221790089,5,5,5,5,5,5,5,5,1,0,said_incorrect
657e2b6843cb49c64a6cb939,R_3q3yeJdeWIQ2kUr,misinfo_106,0,answer,misinfo,1.2995813492954258,1.9628950683777768,-0.008943735194645197,3.8333333333333335,5,2,0.04267469186821812,-0.3665237221790089,5,5,5,5,5,5,5,4,0,1,said_correct
6744fb5c6a8a3d8e3f531da3,R_5ZkkMSFNae602Zz,legal_28,1,answer,legal,-0.18353573977210721,0.38536745888932256,-0.903317254659184,2.5,3.6,1,0.04267469186821812,0.8973511818865388,5,5,5,5,5,5,4,3,0,0,said_incorrect
6744fb5c6a8a3d8e3f531da3,R_5ZkkMSFNae602Zz,math_14,0,answer,math,-0.18353573977210721,0.38536745888932256,-0.903317254659184,2.5,3.6,1,0.04267469186821812,0.8973511818865388,5,5,5,5,5,5,4,1,1,0,said_incorrect
6744fb5c6a8a3d8e3f531da3,R_5ZkkMSFNae602Zz,finance_28,1,answer,finance,-0.18353573977210721,0.38536745888932256,-0.903317254659184,2.5,3.6,1,0.04267469186821812,0.8973511818865388,5,5,5,5,5,5,4,1,0,0,said_incorrect
6744fb5c6a8a3d8e3f531da3,R_5ZkkMSFNae602Zz,medical_106,0,answer,medical,-0.18353573977210721,0.38536745888932256,-0.903317254659184,2.5,3.6,1,0.04267469186821812,0.8973511818865388,5,5,5,5,5,5,4,3,0,1,said_correct
6744fb5c6a8a3d8e3f531da3,R_5ZkkMSFNae602Zz,misinfo_100,0,answer,misinfo,-0.18353573977210721,0.38536745888932256,-0.903317254659184,2.5,3.6,1,0.04267469186821812,0.8973511818865388,5,5,5,5,5,5,2,3,1,0,said_incorrect
5d90298097a2130015f3fa3c,R_5L1OJMPJ5J2d5gd,legal_26,1,answer,legal,-1.110483920439315,-1.1921601505991317,-0.008943735194645197,1.6666666666666667,2.2,2,-1.024192604837234,-0.3665237221790089,4,5,4,4,5,4,4,1,1,1,said_correct
5d90298097a2130015f3fa3c,R_5L1OJMPJ5J2d5gd,math_14,1,answer,math,-1.110483920439315,-1.1921601505991317,-0.008943735194645197,1.6666666666666667,2.2,2,-1.024192604837234,-0.3665237221790089,4,5,4,4,5,4,1,1,1,1,said_correct
5d90298097a2130015f3fa3c,R_5L1OJMPJ5J2d5gd,finance_26,1,answer,finance,-1.110483920439315,-1.1921601505991317,-0.008943735194645197,1.6666666666666667,2.2,2,-1.024192604837234,-0.3665237221790089,4,5,4,4,5,4,2,2,0,0,said_incorrect
5d90298097a2130015f3fa3c,R_5L1OJMPJ5J2d5gd,medical_104,0,answer,medical,-1.110483920439315,-1.1921601505991317,-0.008943735194645197,1.6666666666666667,2.2,2,-1.024192604837234,-0.3665237221790089,4,5,4,4,5,4,1,1,1,0,said_incorrect
5d90298097a2130015f3fa3c,R_5L1OJMPJ5J2d5gd,misinfo_101,1,answer,misinfo,-1.110483920439315,-1.1921601505991317,-0.008943735194645197,1.6666666666666667,2.2,2,-1.024192604837234,-0.3665237221790089,4,5,4,4,5,4,3,2,1,1,said_correct
66cee9fa0061a677d1b1f385,R_6iriduAPOkHsrIJ,legal_24,1,answer,legal,-0.9250942843058737,-0.7414379764595735,-1.7976907741237227,1.8333333333333333,2.6,0,3.2432765819845746,-1.6303986262445567,4,3,4,4,3,4,5,3,1,1,said_correct
66cee9fa0061a677d1b1f385,R_6iriduAPOkHsrIJ,math_20,1,answer,math,-0.9250942843058737,-0.7414379764595735,-1.7976907741237227,1.8333333333333333,2.6,0,3.2432765819845746,-1.6303986262445567,4,3,4,4,3,4,1,1,1,1,said_correct
66cee9fa0061a677d1b1f385,R_6iriduAPOkHsrIJ,finance_25,1,answer,finance,-0.9250942843058737,-0.7414379764595735,-1.7976907741237227,1.8333333333333333,2.6,0,3.2432765819845746,-1.6303986262445567,4,3,4,4,3,4,1,1,1,1,said_correct
66cee9fa0061a677d1b1f385,R_6iriduAPOkHsrIJ,medical_104,0,answer,medical,-0.9250942843058737,-0.7414379764595735,-1.7976907741237227,1.8333333333333333,2.6,0,3.2432765819845746,-1.6303986262445567,4,3,4,4,3,4,1,1,1,0,said_incorrect
66cee9fa0061a677d1b1f385,R_6iriduAPOkHsrIJ,misinfo_107,1,answer,misinfo,-0.9250942843058737,-0.7414379764595735,-1.7976907741237227,1.8333333333333333,2.6,0,3.2432765819845746,-1.6303986262445567,4,3,4,4,3,4,5,3,0,0,said_incorrect
665b7b047373d8da553237a6,R_3qaguX6AKjEKNad,legal_29,0,answer,legal,0.18724353249477613,-0.06535471525023577,-0.008943735194645197,2.8333333333333335,3.2,2,-1.024192604837234,-0.3665237221790089,4,5,4,4,5,4,5,4,0,1,said_correct
665b7b047373d8da553237a6,R_3qaguX6AKjEKNad,math_21,0,answer,math,0.18724353249477613,-0.06535471525023577,-0.008943735194645197,2.8333333333333335,3.2,2,-1.024192604837234,-0.3665237221790089,4,5,4,4,5,4,3,2,1,0,said_incorrect
665b7b047373d8da553237a6,R_3qaguX6AKjEKNad,finance_29,1,answer,finance,0.18724353249477613,-0.06535471525023577,-0.008943735194645197,2.8333333333333335,3.2,2,-1.024192604837234,-0.3665237221790089,4,5,4,4,5,4,4,4,0,0,said_incorrect
665b7b047373d8da553237a6,R_3qaguX6AKjEKNad,medical_108,0,answer,medical,0.18724353249477613,-0.06535471525023577,-0.008943735194645197,2.8333333333333335,3.2,2,-1.024192604837234,-0.3665237221790089,4,5,4,4,5,4,1,1,0,1,said_correct
665b7b047373d8da553237a6,R_3qaguX6AKjEKNad,misinfo_105,1,answer,misinfo,0.18724353249477613,-0.06535471525023577,-0.008943735194645197,2.8333333333333335,3.2,2,-1.024192604837234,-0.3665237221790089,4,5,4,4,5,4,3,3,1,1,said_correct
5e916cb9e502b1498e8fc059,R_3QcKMsavHUELRd2,legal_24,1,answer,legal,0.37263316862821755,0.16000637181954314,-1.7976907741237227,3,3.4,0,0.04267469186821812,-0.3665237221790089,2,4,2,2,4,2,5,4,1,1,said_correct
5e916cb9e502b1498e8fc059,R_3QcKMsavHUELRd2,math_17,0,answer,math,0.37263316862821755,0.16000637181954314,-1.7976907741237227,3,3.4,0,0.04267469186821812,-0.3665237221790089,2,4,2,2,4,2,3,2,0,1,said_correct
5e916cb9e502b1498e8fc059,R_3QcKMsavHUELRd2,finance_26,0,answer,finance,0.37263316862821755,0.16000637181954314,-1.7976907741237227,3,3.4,0,0.04267469186821812,-0.3665237221790089,2,4,2,2,4,2,3,2,0,1,said_correct
5e916cb9e502b1498e8fc059,R_3QcKMsavHUELRd2,medical_107,1,answer,medical,0.37263316862821755,0.16000637181954314,-1.7976907741237227,3,3.4,0,0.04267469186821812,-0.3665237221790089,2,4,2,2,4,2,2,2,0,0,said_incorrect
5e916cb9e502b1498e8fc059,R_3QcKMsavHUELRd2,misinfo_101,1,answer,misinfo,0.37263316862821755,0.16000637181954314,-1.7976907741237227,3,3.4,0,0.04267469186821812,-0.3665237221790089,2,4,2,2,4,2,4,5,1,1,said_correct
66a6bbb40b48d0e4f326767e,R_7xQxH0ReZyQBoPM,legal_26,1,answer,legal,1.670360621562309,1.2868118071684396,0.8854297842698936,4.166666666666667,4.4,3,-1.024192604837234,2.1612260859520864,4,5,4,4,5,4,4,4,1,1,said_correct
66a6bbb40b48d0e4f326767e,R_7xQxH0ReZyQBoPM,math_20,1,answer,math,1.670360621562309,1.2868118071684396,0.8854297842698936,4.166666666666667,4.4,3,-1.024192604837234,2.1612260859520864,4,5,4,4,5,4,5,4,1,1,said_correct
66a6bbb40b48d0e4f326767e,R_7xQxH0ReZyQBoPM,finance_22,1,answer,finance,1.670360621562309,1.2868118071684396,0.8854297842698936,4.166666666666667,4.4,3,-1.024192604837234,2.1612260859520864,4,5,4,4,5,4,5,4,1,1,said_correct
66a6bbb40b48d0e4f326767e,R_7xQxH0ReZyQBoPM,medical_106,1,answer,medical,1.670360621562309,1.2868118071684396,0.8854297842698936,4.166666666666667,4.4,3,-1.024192604837234,2.1612260859520864,4,5,4,4,5,4,3,3,0,0,said_incorrect
66a6bbb40b48d0e4f326767e,R_7xQxH0ReZyQBoPM,misinfo_106,0,answer,misinfo,1.670360621562309,1.2868118071684396,0.8854297842698936,4.166666666666667,4.4,3,-1.024192604837234,2.1612260859520864,4,5,4,4,5,4,5,5,0,1,said_correct
66ccdd9f6b12c6ea6fa01f42,R_6JkgsSWT3DZkptN,legal_22,1,answer,legal,1.2995813492954258,0.38536745888932256,0.8854297842698936,3.8333333333333335,3.6,3,-1.024192604837234,0.8973511818865388,4,4,4,3,3,3,4,3,1,1,said_correct
66ccdd9f6b12c6ea6fa01f42,R_6JkgsSWT3DZkptN,math_21,0,answer,math,1.2995813492954258,0.38536745888932256,0.8854297842698936,3.8333333333333335,3.6,3,-1.024192604837234,0.8973511818865388,4,4,4,3,3,3,4,5,1,0,said_incorrect
66ccdd9f6b12c6ea6fa01f42,R_6JkgsSWT3DZkptN,finance_30,1,answer,finance,1.2995813492954258,0.38536745888932256,0.8854297842698936,3.8333333333333335,3.6,3,-1.024192604837234,0.8973511818865388,4,4,4,3,3,3,3,4,0,0,said_incorrect
66ccdd9f6b12c6ea6fa01f42,R_6JkgsSWT3DZkptN,medical_103,0,answer,medical,1.2995813492954258,0.38536745888932256,0.8854297842698936,3.8333333333333335,3.6,3,-1.024192604837234,0.8973511818865388,4,4,4,3,3,3,2,2,1,0,said_incorrect
66ccdd9f6b12c6ea6fa01f42,R_6JkgsSWT3DZkptN,misinfo_108,1,answer,misinfo,1.2995813492954258,0.38536745888932256,0.8854297842698936,3.8333333333333335,3.6,3,-1.024192604837234,0.8973511818865388,4,4,4,3,3,3,5,5,0,0,said_incorrect
61647de75314468d5cb57f93,R_3gurTWYEQOY1Art,legal_31,1,answer,legal,-0.36892537590554864,-0.06535471525023577,-1.7976907741237227,2.3333333333333335,3.2,0,1.1095419885736704,-0.3665237221790089,5,5,5,4,4,4,3,2,0,0,said_incorrect
61647de75314468d5cb57f93,R_3gurTWYEQOY1Art,math_21,0,answer,math,-0.36892537590554864,-0.06535471525023577,-1.7976907741237227,2.3333333333333335,3.2,0,1.1095419885736704,-0.3665237221790089,5,5,5,4,4,4,4,1,1,0,said_incorrect
61647de75314468d5cb57f93,R_3gurTWYEQOY1Art,finance_21,0,answer,finance,-0.36892537590554864,-0.06535471525023577,-1.7976907741237227,2.3333333333333335,3.2,0,1.1095419885736704,-0.3665237221790089,5,5,5,4,4,4,4,2,1,0,said_incorrect
61647de75314468d5cb57f93,R_3gurTWYEQOY1Art,medical_102,1,answer,medical,-0.36892537590554864,-0.06535471525023577,-1.7976907741237227,2.3333333333333335,3.2,0,1.1095419885736704,-0.3665237221790089,5,5,5,4,4,4,3,4,1,1,said_correct
61647de75314468d5cb57f93,R_3gurTWYEQOY1Art,misinfo_107,1,answer,misinfo,-0.36892537590554864,-0.06535471525023577,-1.7976907741237227,2.3333333333333335,3.2,0,1.1095419885736704,-0.3665237221790089,5,5,5,4,4,4,2,2,0,0,said_incorrect
5d849ee0a954540019f513dd,R_7o5qnohOdqONlYt,legal_26,0,answer,legal,-0.18353573977210721,-0.9667990635293529,-0.008943735194645197,2.5,2.4,2,0.04267469186821812,0.8973511818865388,4,4,3,3,4,4,1,3,1,0,said_incorrect
5d849ee0a954540019f513dd,R_7o5qnohOdqONlYt,math_23,1,answer,math,-0.18353573977210721,-0.9667990635293529,-0.008943735194645197,2.5,2.4,2,0.04267469186821812,0.8973511818865388,4,4,3,3,4,4,4,3,1,1,said_correct
5d849ee0a954540019f513dd,R_7o5qnohOdqONlYt,finance_23,1,answer,finance,-0.18353573977210721,-0.9667990635293529,-0.008943735194645197,2.5,2.4,2,0.04267469186821812,0.8973511818865388,4,4,3,3,4,4,4,3,1,1,said_correct
5d849ee0a954540019f513dd,R_7o5qnohOdqONlYt,medical_106,0,answer,medical,-0.18353573977210721,-0.9667990635293529,-0.008943735194645197,2.5,2.4,2,0.04267469186821812,0.8973511818865388,4,4,3,3,4,4,2,1,0,1,said_correct
5d849ee0a954540019f513dd,R_7o5qnohOdqONlYt,misinfo_101,0,answer,misinfo,-0.18353573977210721,-0.9667990635293529,-0.008943735194645197,2.5,2.4,2,0.04267469186821812,0.8973511818865388,4,4,3,3,4,4,1,1,1,0,said_incorrect
5ebb96b6cd673a0008ace9ce,R_35FQiXWHVzeWpMq,legal_27,1,answer,legal,0.558022804761659,-0.2907158023200152,0.8854297842698936,3.1666666666666665,3,3,-1.024192604837234,-0.3665237221790089,4,4,5,4,4,5,3,2,0,0,said_incorrect
5ebb96b6cd673a0008ace9ce,R_35FQiXWHVzeWpMq,math_18,1,answer,math,0.558022804761659,-0.2907158023200152,0.8854297842698936,3.1666666666666665,3,3,-1.024192604837234,-0.3665237221790089,4,4,5,4,4,5,4,5,1,1,said_correct
5ebb96b6cd673a0008ace9ce,R_35FQiXWHVzeWpMq,finance_25,1,answer,finance,0.558022804761659,-0.2907158023200152,0.8854297842698936,3.1666666666666665,3,3,-1.024192604837234,-0.3665237221790089,4,4,5,4,4,5,1,3,1,1,said_correct
5ebb96b6cd673a0008ace9ce,R_35FQiXWHVzeWpMq,medical_107,0,answer,medical,0.558022804761659,-0.2907158023200152,0.8854297842698936,3.1666666666666665,3,3,-1.024192604837234,-0.3665237221790089,4,4,5,4,4,5,3,2,0,1,said_correct
5ebb96b6cd673a0008ace9ce,R_35FQiXWHVzeWpMq,misinfo_105,1,answer,misinfo,0.558022804761659,-0.2907158023200152,0.8854297842698936,3.1666666666666665,3,3,-1.024192604837234,-0.3665237221790089,4,4,5,4,4,5,4,4,1,1,said_correct
5b16e1a5457ace0001b40d46,R_3MrnGhU9WSnMTbz,legal_31,1,answer,legal,-0.9250942843058737,-0.2907158023200152,-0.008943735194645197,1.8333333333333333,3,2,1.1095419885736704,-0.3665237221790089,3,4,2,2,3,2,2,1,0,0,said_incorrect
5b16e1a5457ace0001b40d46,R_3MrnGhU9WSnMTbz,math_20,0,answer,math,-0.9250942843058737,-0.2907158023200152,-0.008943735194645197,1.8333333333333333,3,2,1.1095419885736704,-0.3665237221790089,3,4,2,2,3,2,5,1,1,0,said_incorrect
5b16e1a5457ace0001b40d46,R_3MrnGhU9WSnMTbz,finance_26,1,answer,finance,-0.9250942843058737,-0.2907158023200152,-0.008943735194645197,1.8333333333333333,3,2,1.1095419885736704,-0.3665237221790089,3,4,2,2,3,2,2,2,0,0,said_incorrect
5b16e1a5457ace0001b40d46,R_3MrnGhU9WSnMTbz,medical_105,1,answer,medical,-0.9250942843058737,-0.2907158023200152,-0.008943735194645197,1.8333333333333333,3,2,1.1095419885736704,-0.3665237221790089,3,4,2,2,3,2,2,1,0,0,said_incorrect
5b16e1a5457ace0001b40d46,R_3MrnGhU9WSnMTbz,misinfo_106,0,answer,misinfo,-0.9250942843058737,-0.2907158023200152,-0.008943735194645197,1.8333333333333333,3,2,1.1095419885736704,-0.3665237221790089,3,4,2,2,3,2,4,3,0,1,said_correct
683cbc0c0c2d722831c8bc17,R_7N9XryynJNuIfP2,legal_31,1,answer,legal,2.226529529962634,1.9628950683777768,0.8854297842698936,4.666666666666667,5,3,0.04267469186821812,0.8973511818865388,4,5,4,4,4,4,5,4,0,0,said_incorrect
683cbc0c0c2d722831c8bc17,R_7N9XryynJNuIfP2,math_20,1,answer,math,2.226529529962634,1.9628950683777768,0.8854297842698936,4.666666666666667,5,3,0.04267469186821812,0.8973511818865388,4,5,4,4,4,4,5,5,1,1,said_correct
683cbc0c0c2d722831c8bc17,R_7N9XryynJNuIfP2,finance_29,0,answer,finance,2.226529529962634,1.9628950683777768,0.8854297842698936,4.666666666666667,5,3,0.04267469186821812,0.8973511818865388,4,5,4,4,4,4,5,5,0,1,said_correct
683cbc0c0c2d722831c8bc17,R_7N9XryynJNuIfP2,medical_108,1,answer,medical,2.226529529962634,1.9628950683777768,0.8854297842698936,4.666666666666667,5,3,0.04267469186821812,0.8973511818865388,4,5,4,4,4,4,5,5,0,0,said_incorrect
683cbc0c0c2d722831c8bc17,R_7N9XryynJNuIfP2,misinfo_107,1,answer,misinfo,2.226529529962634,1.9628950683777768,0.8854297842698936,4.666666666666667,5,3,0.04267469186821812,0.8973511818865388,4,5,4,4,4,4,5,5,0,0,said_incorrect
60fd6618f9a377f54dcdf318,R_3VkZPZVM6ukD7Qa,legal_22,1,answer,legal,0.0018538963613342117,-0.06535471525023577,0.8854297842698936,2.6666666666666665,3.2,3,0.04267469186821812,-0.3665237221790089,5,4,4,5,5,5,4,2,1,1,said_correct
60fd6618f9a377f54dcdf318,R_3VkZPZVM6ukD7Qa,math_15,0,answer,math,0.0018538963613342117,-0.06535471525023577,0.8854297842698936,2.6666666666666665,3.2,3,0.04267469186821812,-0.3665237221790089,5,4,4,5,5,5,3,2,0,1,said_correct
60fd6618f9a377f54dcdf318,R_3VkZPZVM6ukD7Qa,finance_26,0,answer,finance,0.0018538963613342117,-0.06535471525023577,0.8854297842698936,2.6666666666666665,3.2,3,0.04267469186821812,-0.3665237221790089,5,4,4,5,5,5,3,3,0,1,said_correct
60fd6618f9a377f54dcdf318,R_3VkZPZVM6ukD7Qa,medical_104,1,answer,medical,0.0018538963613342117,-0.06535471525023577,0.8854297842698936,2.6666666666666665,3.2,3,0.04267469186821812,-0.3665237221790089,5,4,4,5,5,5,3,3,1,1,said_correct
60fd6618f9a377f54dcdf318,R_3VkZPZVM6ukD7Qa,misinfo_106,1,answer,misinfo,0.0018538963613342117,-0.06535471525023577,0.8854297842698936,2.6666666666666665,3.2,3,0.04267469186821812,-0.3665237221790089,5,4,4,5,5,5,3,3,0,0,said_incorrect
6711938cdab75bc0f20337b5,R_5IyJEWjPPZFQIVd,legal_29,1,answer,legal,-1.110483920439315,-1.1921601505991317,-0.903317254659184,1.6666666666666667,2.2,1,3.2432765819845746,-0.3665237221790089,3,4,3,3,4,3,5,2,0,0,said_incorrect
6711938cdab75bc0f20337b5,R_5IyJEWjPPZFQIVd,math_17,1,answer,math,-1.110483920439315,-1.1921601505991317,-0.903317254659184,1.6666666666666667,2.2,1,3.2432765819845746,-0.3665237221790089,3,4,3,3,4,3,1,2,0,0,said_incorrect
6711938cdab75bc0f20337b5,R_5IyJEWjPPZFQIVd,finance_30,0,answer,finance,-1.110483920439315,-1.1921601505991317,-0.903317254659184,1.6666666666666667,2.2,1,3.2432765819845746,-0.3665237221790089,3,4,3,3,4,3,1,1,0,1,said_correct
6711938cdab75bc0f20337b5,R_5IyJEWjPPZFQIVd,medical_106,1,answer,medical,-1.110483920439315,-1.1921601505991317,-0.903317254659184,1.6666666666666667,2.2,1,3.2432765819845746,-0.3665237221790089,3,4,3,3,4,3,1,1,0,0,said_incorrect
6711938cdab75bc0f20337b5,R_5IyJEWjPPZFQIVd,misinfo_107,0,answer,misinfo,-1.110483920439315,-1.1921601505991317,-0.903317254659184,1.6666666666666667,2.2,1,3.2432765819845746,-0.3665237221790089,3,4,3,3,4,3,3,1,0,1,said_correct
66ba9cd5343e159bdc8691ad,R_5QGHZ1AHVnTC6NC,legal_24,1,answer,legal,0.558022804761659,1.0614507200986603,0.8854297842698936,3.1666666666666665,4.2,3,-1.024192604837234,-0.3665237221790089,4,4,4,4,4,4,5,3,1,1,said_correct
66ba9cd5343e159bdc8691ad,R_5QGHZ1AHVnTC6NC,math_14,0,answer,math,0.558022804761659,1.0614507200986603,0.8854297842698936,3.1666666666666665,4.2,3,-1.024192604837234,-0.3665237221790089,4,4,4,4,4,4,1,1,1,0,said_incorrect
66ba9cd5343e159bdc8691ad,R_5QGHZ1AHVnTC6NC,finance_23,1,answer,finance,0.558022804761659,1.0614507200986603,0.8854297842698936,3.1666666666666665,4.2,3,-1.024192604837234,-0.3665237221790089,4,4,4,4,4,4,5,4,1,1,said_correct
66ba9cd5343e159bdc8691ad,R_5QGHZ1AHVnTC6NC,medical_100,1,answer,medical,0.558022804761659,1.0614507200986603,0.8854297842698936,3.1666666666666665,4.2,3,-1.024192604837234,-0.3665237221790089,4,4,4,4,4,4,5,4,1,1,said_correct
66ba9cd5343e159bdc8691ad,R_5QGHZ1AHVnTC6NC,misinfo_109,1,answer,misinfo,0.558022804761659,1.0614507200986603,0.8854297842698936,3.1666666666666665,4.2,3,-1.024192604837234,-0.3665237221790089,4,4,4,4,4,4,5,4,0,0,said_incorrect
644a53ac09de69785b70ec16,R_63fPRuPunSWUGpy,legal_29,1,answer,legal,-0.9250942843058737,-1.4175212376689112,0.8854297842698936,1.8333333333333333,2,3,0.04267469186821812,-1.6303986262445567,4,4,4,4,4,4,2,2,0,0,said_incorrect
644a53ac09de69785b70ec16,R_63fPRuPunSWUGpy,math_15,1,answer,math,-0.9250942843058737,-1.4175212376689112,0.8854297842698936,1.8333333333333333,2,3,0.04267469186821812,-1.6303986262445567,4,4,4,4,4,4,2,2,0,0,said_incorrect
644a53ac09de69785b70ec16,R_63fPRuPunSWUGpy,finance_23,0,answer,finance,-0.9250942843058737,-1.4175212376689112,0.8854297842698936,1.8333333333333333,2,3,0.04267469186821812,-1.6303986262445567,4,4,4,4,4,4,2,2,1,0,said_incorrect
644a53ac09de69785b70ec16,R_63fPRuPunSWUGpy,medical_102,1,answer,medical,-0.9250942843058737,-1.4175212376689112,0.8854297842698936,1.8333333333333333,2,3,0.04267469186821812,-1.6303986262445567,4,4,4,4,4,4,2,1,1,1,said_correct
644a53ac09de69785b70ec16,R_63fPRuPunSWUGpy,misinfo_103,0,answer,misinfo,-0.9250942843058737,-1.4175212376689112,0.8854297842698936,1.8333333333333333,2,3,0.04267469186821812,-1.6303986262445567,4,4,4,4,4,4,2,2,1,0,said_incorrect
650b03136ab3d4c832d98b71,R_5s5iLM1GTcdJlW2,legal_24,1,answer,legal,-1.2958735565727568,-2.544326673017807,0.8854297842698936,1.5,1,3,0.04267469186821812,-0.3665237221790089,4,4,4,4,4,4,1,1,1,1,said_correct
650b03136ab3d4c832d98b71,R_5s5iLM1GTcdJlW2,math_15,0,answer,math,-1.2958735565727568,-2.544326673017807,0.8854297842698936,1.5,1,3,0.04267469186821812,-0.3665237221790089,4,4,4,4,4,4,1,2,0,1,said_correct
650b03136ab3d4c832d98b71,R_5s5iLM1GTcdJlW2,finance_27,0,answer,finance,-1.2958735565727568,-2.544326673017807,0.8854297842698936,1.5,1,3,0.04267469186821812,-0.3665237221790089,4,4,4,4,4,4,1,1,0,1,said_correct
650b03136ab3d4c832d98b71,R_5s5iLM1GTcdJlW2,medical_109,1,answer,medical,-1.2958735565727568,-2.544326673017807,0.8854297842698936,1.5,1,3,0.04267469186821812,-0.3665237221790089,4,4,4,4,4,4,1,1,0,0,said_incorrect
650b03136ab3d4c832d98b71,R_5s5iLM1GTcdJlW2,misinfo_103,0,answer,misinfo,-1.2958735565727568,-2.544326673017807,0.8854297842698936,1.5,1,3,0.04267469186821812,-0.3665237221790089,4,4,4,4,4,4,1,1,1,0,said_incorrect
6781935f0fbff63cc8eb3595,R_6v5QJtJHpRI0ulV,legal_22,1,answer,legal,1.670360621562309,1.2868118071684396,-0.008943735194645197,4.166666666666667,4.4,2,-1.024192604837234,2.1612260859520864,4,4,4,4,4,4,5,4,1,1,said_correct
6781935f0fbff63cc8eb3595,R_6v5QJtJHpRI0ulV,math_21,1,answer,math,1.670360621562309,1.2868118071684396,-0.008943735194645197,4.166666666666667,4.4,2,-1.024192604837234,2.1612260859520864,4,4,4,4,4,4,4,4,1,1,said_correct
6781935f0fbff63cc8eb3595,R_6v5QJtJHpRI0ulV,finance_23,1,answer,finance,1.670360621562309,1.2868118071684396,-0.008943735194645197,4.166666666666667,4.4,2,-1.024192604837234,2.1612260859520864,4,4,4,4,4,4,5,5,1,1,said_correct
6781935f0fbff63cc8eb3595,R_6v5QJtJHpRI0ulV,medical_102,1,answer,medical,1.670360621562309,1.2868118071684396,-0.008943735194645197,4.166666666666667,4.4,2,-1.024192604837234,2.1612260859520864,4,4,4,4,4,4,4,4,1,1,said_correct
6781935f0fbff63cc8eb3595,R_6v5QJtJHpRI0ulV,misinfo_102,0,answer,misinfo,1.670360621562309,1.2868118071684396,-0.008943735194645197,4.166666666666667,4.4,2,-1.024192604837234,2.1612260859520864,4,4,4,4,4,4,4,3,1,0,said_incorrect
62c63362e7342ad8be294866,R_1MMOHLaWF62LgXL,legal_22,1,answer,legal,-1.4812631927061986,-1.6428823247386903,-0.903317254659184,1.3333333333333333,1.8,1,1.1095419885736704,-0.3665237221790089,4,4,4,4,4,4,5,1,1,1,said_correct
62c63362e7342ad8be294866,R_1MMOHLaWF62LgXL,math_15,0,answer,math,-1.4812631927061986,-1.6428823247386903,-0.903317254659184,1.3333333333333333,1.8,1,1.1095419885736704,-0.3665237221790089,4,4,4,4,4,4,1,1,0,1,said_correct
62c63362e7342ad8be294866,R_1MMOHLaWF62LgXL,finance_24,1,answer,finance,-1.4812631927061986,-1.6428823247386903,-0.903317254659184,1.3333333333333333,1.8,1,1.1095419885736704,-0.3665237221790089,4,4,4,4,4,4,1,1,1,1,said_correct
62c63362e7342ad8be294866,R_1MMOHLaWF62LgXL,medical_104,1,answer,medical,-1.4812631927061986,-1.6428823247386903,-0.903317254659184,1.3333333333333333,1.8,1,1.1095419885736704,-0.3665237221790089,4,4,4,4,4,4,1,1,1,1,said_correct
62c63362e7342ad8be294866,R_1MMOHLaWF62LgXL,misinfo_100,1,answer,misinfo,-1.4812631927061986,-1.6428823247386903,-0.903317254659184,1.3333333333333333,1.8,1,1.1095419885736704,-0.3665237221790089,4,4,4,4,4,4,1,1,1,1,said_correct
653f2424042d03012eb92ef5,R_6J5Bok9V221kSv7,legal_23,1,answer,legal,-0.9250942843058737,-0.7414379764595735,0.8854297842698936,1.8333333333333333,2.6,3,0.04267469186821812,-0.3665237221790089,4,5,4,4,4,4,4,3,1,1,said_correct
653f2424042d03012eb92ef5,R_6J5Bok9V221kSv7,math_21,1,answer,math,-0.9250942843058737,-0.7414379764595735,0.8854297842698936,1.8333333333333333,2.6,3,0.04267469186821812,-0.3665237221790089,4,5,4,4,4,4,2,1,1,1,said_correct
653f2424042d03012eb92ef5,R_6J5Bok9V221kSv7,finance_30,1,answer,finance,-0.9250942843058737,-0.7414379764595735,0.8854297842698936,1.8333333333333333,2.6,3,0.04267469186821812,-0.3665237221790089,4,5,4,4,4,4,2,2,0,0,said_incorrect
653f2424042d03012eb92ef5,R_6J5Bok9V221kSv7,medical_106,0,answer,medical,-0.9250942843058737,-0.7414379764595735,0.8854297842698936,1.8333333333333333,2.6,3,0.04267469186821812,-0.3665237221790089,4,5,4,4,4,4,3,1,0,1,said_correct
653f2424042d03012eb92ef5,R_6J5Bok9V221kSv7,misinfo_103,0,answer,misinfo,-0.9250942843058737,-0.7414379764595735,0.8854297842698936,1.8333333333333333,2.6,3,0.04267469186821812,-0.3665237221790089,4,5,4,4,4,4,2,1,1,0,said_incorrect
67cdf158555dc24e9c13714a,R_6JEN6f837vMAInf,legal_29,1,answer,legal,0.37263316862821755,-0.06535471525023577,-0.903317254659184,3,3.2,1,-1.024192604837234,0.8973511818865388,3,4,3,3,4,3,5,2,0,0,said_incorrect
67cdf158555dc24e9c13714a,R_6JEN6f837vMAInf,math_23,0,answer,math,0.37263316862821755,-0.06535471525023577,-0.903317254659184,3,3.2,1,-1.024192604837234,0.8973511818865388,3,4,3,3,4,3,2,4,1,0,said_incorrect
67cdf158555dc24e9c13714a,R_6JEN6f837vMAInf,finance_24,1,answer,finance,0.37263316862821755,-0.06535471525023577,-0.903317254659184,3,3.2,1,-1.024192604837234,0.8973511818865388,3,4,3,3,4,3,4,4,1,1,said_correct
67cdf158555dc24e9c13714a,R_6JEN6f837vMAInf,medical_102,1,answer,medical,0.37263316862821755,-0.06535471525023577,-0.903317254659184,3,3.2,1,-1.024192604837234,0.8973511818865388,3,4,3,3,4,3,2,2,1,1,said_correct
67cdf158555dc24e9c13714a,R_6JEN6f837vMAInf,misinfo_105,1,answer,misinfo,0.37263316862821755,-0.06535471525023577,-0.903317254659184,3,3.2,1,-1.024192604837234,0.8973511818865388,3,4,3,3,4,3,3,2,1,1,said_correct
5de7d7a6603b1b73f3944f8e,R_1hzEEHK1VUIfDki,legal_25,1,answer,legal,-0.5543150120389906,-1.1921601505991317,-0.903317254659184,2.1666666666666665,2.2,1,0.04267469186821812,-0.3665237221790089,3,4,3,3,2,3,2,2,1,1,said_correct
5de7d7a6603b1b73f3944f8e,R_1hzEEHK1VUIfDki,math_21,1,answer,math,-0.5543150120389906,-1.1921601505991317,-0.903317254659184,2.1666666666666665,2.2,1,0.04267469186821812,-0.3665237221790089,3,4,3,3,2,3,1,1,1,1,said_correct
5de7d7a6603b1b73f3944f8e,R_1hzEEHK1VUIfDki,finance_25,0,answer,finance,-0.5543150120389906,-1.1921601505991317,-0.903317254659184,2.1666666666666665,2.2,1,0.04267469186821812,-0.3665237221790089,3,4,3,3,2,3,3,2,1,0,said_incorrect
5de7d7a6603b1b73f3944f8e,R_1hzEEHK1VUIfDki,medical_109,1,answer,medical,-0.5543150120389906,-1.1921601505991317,-0.903317254659184,2.1666666666666665,2.2,1,0.04267469186821812,-0.3665237221790089,3,4,3,3,2,3,2,3,0,0,said_incorrect
5de7d7a6603b1b73f3944f8e,R_1hzEEHK1VUIfDki,misinfo_101,0,answer,misinfo,-0.5543150120389906,-1.1921601505991317,-0.903317254659184,2.1666666666666665,2.2,1,0.04267469186821812,-0.3665237221790089,3,4,3,3,2,3,3,2,1,0,said_incorrect
55bd8669fdf99b5bfc7d4cfc,R_7oiPLcgg35zMvvI,legal_25,0,answer,legal,0.0018538963613342117,-0.06535471525023577,-1.7976907741237227,2.6666666666666665,3.2,0,0.04267469186821812,-0.3665237221790089,4,4,4,4,4,4,3,3,1,0,said_incorrect
55bd8669fdf99b5bfc7d4cfc,R_7oiPLcgg35zMvvI,math_16,1,answer,math,0.0018538963613342117,-0.06535471525023577,-1.7976907741237227,2.6666666666666665,3.2,0,0.04267469186821812,-0.3665237221790089,4,4,4,4,4,4,2,2,1,1,said_correct
55bd8669fdf99b5bfc7d4cfc,R_7oiPLcgg35zMvvI,finance_25,1,answer,finance,0.0018538963613342117,-0.06535471525023577,-1.7976907741237227,2.6666666666666665,3.2,0,0.04267469186821812,-0.3665237221790089,4,4,4,4,4,4,4,3,1,1,said_correct
55bd8669fdf99b5bfc7d4cfc,R_7oiPLcgg35zMvvI,medical_102,1,answer,medical,0.0018538963613342117,-0.06535471525023577,-1.7976907741237227,2.6666666666666665,3.2,0,0.04267469186821812,-0.3665237221790089,4,4,4,4,4,4,3,2,1,1,said_correct
55bd8669fdf99b5bfc7d4cfc,R_7oiPLcgg35zMvvI,misinfo_105,1,answer,misinfo,0.0018538963613342117,-0.06535471525023577,-1.7976907741237227,2.6666666666666665,3.2,0,0.04267469186821812,-0.3665237221790089,4,4,4,4,4,4,4,3,1,1,said_correct
664c4e829445321c23a8de52,R_6rI7059rK0Jyf3H,legal_27,1,answer,legal,-0.9250942843058737,-0.9667990635293529,0.8854297842698936,1.8333333333333333,2.4,3,-1.024192604837234,-0.3665237221790089,4,5,4,4,4,4,5,1,0,0,said_incorrect
664c4e829445321c23a8de52,R_6rI7059rK0Jyf3H,math_20,0,answer,math,-0.9250942843058737,-0.9667990635293529,0.8854297842698936,1.8333333333333333,2.4,3,-1.024192604837234,-0.3665237221790089,4,5,4,4,4,4,1,1,1,0,said_incorrect
664c4e829445321c23a8de52,R_6rI7059rK0Jyf3H,finance_26,1,answer,finance,-0.9250942843058737,-0.9667990635293529,0.8854297842698936,1.8333333333333333,2.4,3,-1.024192604837234,-0.3665237221790089,4,5,4,4,4,4,1,1,0,0,said_incorrect
664c4e829445321c23a8de52,R_6rI7059rK0Jyf3H,medical_103,1,answer,medical,-0.9250942843058737,-0.9667990635293529,0.8854297842698936,1.8333333333333333,2.4,3,-1.024192604837234,-0.3665237221790089,4,5,4,4,4,4,2,2,1,1,said_correct
664c4e829445321c23a8de52,R_6rI7059rK0Jyf3H,misinfo_101,1,answer,misinfo,-0.9250942843058737,-0.9667990635293529,0.8854297842698936,1.8333333333333333,2.4,3,-1.024192604837234,-0.3665237221790089,4,5,4,4,4,4,3,3,1,1,said_correct
672bc3ce315f709fe35a3392,R_3SpZZeZR515QN21,legal_29,0,answer,legal,-0.5543150120389906,-1.6428823247386903,0.8854297842698936,2.1666666666666665,1.8,3,0.04267469186821812,-0.3665237221790089,3,3,3,3,3,3,4,2,0,1,said_correct
672bc3ce315f709fe35a3392,R_3SpZZeZR515QN21,math_23,0,answer,math,-0.5543150120389906,-1.6428823247386903,0.8854297842698936,2.1666666666666665,1.8,3,0.04267469186821812,-0.3665237221790089,3,3,3,3,3,3,1,3,1,0,said_incorrect
672bc3ce315f709fe35a3392,R_3SpZZeZR515QN21,finance_30,1,answer,finance,-0.5543150120389906,-1.6428823247386903,0.8854297842698936,2.1666666666666665,1.8,3,0.04267469186821812,-0.3665237221790089,3,3,3,3,3,3,1,2,0,0,said_incorrect
672bc3ce315f709fe35a3392,R_3SpZZeZR515QN21,medical_109,1,answer,medical,-0.5543150120389906,-1.6428823247386903,0.8854297842698936,2.1666666666666665,1.8,3,0.04267469186821812,-0.3665237221790089,3,3,3,3,3,3,1,1,0,0,said_incorrect
672bc3ce315f709fe35a3392,R_3SpZZeZR515QN21,misinfo_100,1,answer,misinfo,-0.5543150120389906,-1.6428823247386903,0.8854297842698936,2.1666666666666665,1.8,3,0.04267469186821812,-0.3665237221790089,3,3,3,3,3,3,2,2,1,1,said_correct
67a8bfb2f846cd3ea9bcd898,R_3jAAi0ELFlfJp29,legal_22,0,answer,legal,0.743412440895101,0.8360896330288808,-0.903317254659184,3.3333333333333335,4,1,-1.024192604837234,0.8973511818865388,4,5,4,4,3,3,3,2,1,0,said_incorrect
67a8bfb2f846cd3ea9bcd898,R_3jAAi0ELFlfJp29,math_19,0,answer,math,0.743412440895101,0.8360896330288808,-0.903317254659184,3.3333333333333335,4,1,-1.024192604837234,0.8973511818865388,4,5,4,4,3,3,4,4,0,1,said_correct
67a8bfb2f846cd3ea9bcd898,R_3jAAi0ELFlfJp29,finance_24,1,answer,finance,0.743412440895101,0.8360896330288808,-0.903317254659184,3.3333333333333335,4,1,-1.024192604837234,0.8973511818865388,4,5,4,4,3,3,3,3,1,1,said_correct
67a8bfb2f846cd3ea9bcd898,R_3jAAi0ELFlfJp29,medical_101,1,answer,medical,0.743412440895101,0.8360896330288808,-0.903317254659184,3.3333333333333335,4,1,-1.024192604837234,0.8973511818865388,4,5,4,4,3,3,5,4,1,1,said_correct
67a8bfb2f846cd3ea9bcd898,R_3jAAi0ELFlfJp29,misinfo_101,1,answer,misinfo,0.743412440895101,0.8360896330288808,-0.903317254659184,3.3333333333333335,4,1,-1.024192604837234,0.8973511818865388,4,5,4,4,3,3,5,3,1,1,said_correct
673e5a3412198a5e62837745,R_7F5vhJbqnrmAsAx,legal_29,0,answer,legal,1.2995813492954258,1.2868118071684396,0.8854297842698936,3.8333333333333335,4.4,3,-1.024192604837234,0.8973511818865388,4,4,4,4,4,4,5,3,0,1,said_correct
673e5a3412198a5e62837745,R_7F5vhJbqnrmAsAx,math_21,0,answer,math,1.2995813492954258,1.2868118071684396,0.8854297842698936,3.8333333333333335,4.4,3,-1.024192604837234,0.8973511818865388,4,4,4,4,4,4,4,4,1,0,said_incorrect
673e5a3412198a5e62837745,R_7F5vhJbqnrmAsAx,finance_27,1,answer,finance,1.2995813492954258,1.2868118071684396,0.8854297842698936,3.8333333333333335,4.4,3,-1.024192604837234,0.8973511818865388,4,4,4,4,4,4,4,4,0,0,said_incorrect
673e5a3412198a5e62837745,R_7F5vhJbqnrmAsAx,medical_104,1,answer,medical,1.2995813492954258,1.2868118071684396,0.8854297842698936,3.8333333333333335,4.4,3,-1.024192604837234,0.8973511818865388,4,4,4,4,4,4,5,4,1,1,said_correct
673e5a3412198a5e62837745,R_7F5vhJbqnrmAsAx,misinfo_108,1,answer,misinfo,1.2995813492954258,1.2868118071684396,0.8854297842698936,3.8333333333333335,4.4,3,-1.024192604837234,0.8973511818865388,4,4,4,4,4,4,4,4,0,0,said_incorrect
5d654282986878001c2a5db7,R_3Rr24VybZH00OZJ,legal_23,1,answer,legal,-0.9250942843058737,-0.9667990635293529,0.8854297842698936,1.8333333333333333,2.4,3,-1.024192604837234,0.8973511818865388,4,4,4,3,3,3,5,1,1,1,said_correct
5d654282986878001c2a5db7,R_3Rr24VybZH00OZJ,math_20,0,answer,math,-0.9250942843058737,-0.9667990635293529,0.8854297842698936,1.8333333333333333,2.4,3,-1.024192604837234,0.8973511818865388,4,4,4,3,3,3,2,1,1,0,said_incorrect
5d654282986878001c2a5db7,R_3Rr24VybZH00OZJ,finance_23,0,answer,finance,-0.9250942843058737,-0.9667990635293529,0.8854297842698936,1.8333333333333333,2.4,3,-1.024192604837234,0.8973511818865388,4,4,4,3,3,3,1,1,1,0,said_incorrect
5d654282986878001c2a5db7,R_3Rr24VybZH00OZJ,medical_100,1,answer,medical,-0.9250942843058737,-0.9667990635293529,0.8854297842698936,1.8333333333333333,2.4,3,-1.024192604837234,0.8973511818865388,4,4,4,3,3,3,1,1,1,1,said_correct
5d654282986878001c2a5db7,R_3Rr24VybZH00OZJ,misinfo_100,0,answer,misinfo,-0.9250942843058737,-0.9667990635293529,0.8854297842698936,1.8333333333333333,2.4,3,-1.024192604837234,0.8973511818865388,4,4,4,3,3,3,3,3,1,0,said_incorrect
67fd8520a5dcf6eaa319fc52,R_5gwAH8k52pIoie5,legal_24,1,answer,legal,-0.36892537590554864,0.38536745888932256,-0.008943735194645197,2.3333333333333335,3.6,2,-1.024192604837234,-0.3665237221790089,4,4,4,4,4,4,4,1,1,1,said_correct
67fd8520a5dcf6eaa319fc52,R_5gwAH8k52pIoie5,math_23,1,answer,math,-0.36892537590554864,0.38536745888932256,-0.008943735194645197,2.3333333333333335,3.6,2,-1.024192604837234,-0.3665237221790089,4,4,4,4,4,4,4,3,1,1,said_correct
67fd8520a5dcf6eaa319fc52,R_5gwAH8k52pIoie5,finance_27,1,answer,finance,-0.36892537590554864,0.38536745888932256,-0.008943735194645197,2.3333333333333335,3.6,2,-1.024192604837234,-0.3665237221790089,4,4,4,4,4,4,3,3,0,0,said_incorrect
67fd8520a5dcf6eaa319fc52,R_5gwAH8k52pIoie5,medical_103,1,answer,medical,-0.36892537590554864,0.38536745888932256,-0.008943735194645197,2.3333333333333335,3.6,2,-1.024192604837234,-0.3665237221790089,4,4,4,4,4,4,4,2,1,1,said_correct
67fd8520a5dcf6eaa319fc52,R_5gwAH8k52pIoie5,misinfo_105,1,answer,misinfo,-0.36892537590554864,0.38536745888932256,-0.008943735194645197,2.3333333333333335,3.6,2,-1.024192604837234,-0.3665237221790089,4,4,4,4,4,4,3,2,1,1,said_correct
5d58b018a0c0940001a47057,R_62PNQoyVEbDhzpu,legal_30,0,answer,legal,-0.18353573977210721,-0.06535471525023577,-0.903317254659184,2.5,3.2,1,0.04267469186821812,-0.3665237221790089,4,4,4,4,4,4,5,3,0,1,said_correct
5d58b018a0c0940001a47057,R_62PNQoyVEbDhzpu,math_15,0,answer,math,-0.18353573977210721,-0.06535471525023577,-0.903317254659184,2.5,3.2,1,0.04267469186821812,-0.3665237221790089,4,4,4,4,4,4,2,1,0,1,said_correct
5d58b018a0c0940001a47057,R_62PNQoyVEbDhzpu,finance_27,0,answer,finance,-0.18353573977210721,-0.06535471525023577,-0.903317254659184,2.5,3.2,1,0.04267469186821812,-0.3665237221790089,4,4,4,4,4,4,2,1,0,1,said_correct
5d58b018a0c0940001a47057,R_62PNQoyVEbDhzpu,medical_109,0,answer,medical,-0.18353573977210721,-0.06535471525023577,-0.903317254659184,2.5,3.2,1,0.04267469186821812,-0.3665237221790089,4,4,4,4,4,4,2,2,0,1,said_correct
5d58b018a0c0940001a47057,R_62PNQoyVEbDhzpu,misinfo_102,1,answer,misinfo,-0.18353573977210721,-0.06535471525023577,-0.903317254659184,2.5,3.2,1,0.04267469186821812,-0.3665237221790089,4,4,4,4,4,4,5,5,1,1,said_correct
